,link_id,roadname,start_lon,start_lat
509,84226601,首都高速１号羽田線,139.75917317708334,35.65091145833333
510,84226626,首都高速１号羽田線,139.7585546875,35.649691840277775
511,84226643,首都高速１号羽田線,139.7582421875,35.64907552083333
512,84226764,首都高速１号羽田線,139.75520616319446,35.64298394097222
513,84226877,首都高速１号羽田線,139.75224609375,35.63726128472222
514,84227046,首都高速１号羽田線,139.75012586805556,35.62824435763889
515,84227197,首都高速１号羽田線,139.75182074652778,35.62032552083333
516,84227375,首都高速１号羽田線,139.7508203125,35.61109157986111
517,84227440,首都高速１号羽田線,139.75046223958333,35.607413194444455
518,84227449,首都高速１号羽田線,139.75046223958333,35.60736762152778
519,84227546,首都高速１号羽田線,139.74815104166666,35.60282552083333
520,84227579,首都高速１号羽田線,139.74677083333333,35.60175347222222
521,84227620,首都高速１号羽田線,139.74499348958332,35.60039496527778
522,84227725,首都高速１号羽田線,139.74194878472218,35.59575737847222
523,84227790,首都高速１号羽田線,139.73995008680555,35.59265407986111
524,84227911,首都高速１号羽田線,139.74136284722223,35.587046440972216
525,84227920,首都高速１号羽田線,139.74169053819443,35.58677517361111
526,84227929,首都高速１号羽田線,139.74192057291665,35.58658203125
527,84227946,首都高速１号羽田線,139.7422699652778,35.58623263888889
528,84227963,首都高速１号羽田線,139.74279730902776,35.58550347222222
529,84227965,首都高速１号羽田線,139.74281901041667,35.58547309027778
530,84227972,首都高速１号羽田線,139.74284939236108,35.58542317708333
531,84227981,首都高速１号羽田線,139.74336154513892,35.58470052083333
532,84228126,首都高速１号羽田線,139.74677083333333,35.57810980902778
533,84228159,首都高速１号羽田線,139.74759548611112,35.57642578125
534,84228184,首都高速１号羽田線,139.74787109375,35.575922309027774
535,84228217,首都高速１号羽田線,139.7486176215278,35.574442274305554
536,84228306,首都高速１号羽田線,139.74858723958334,35.56985677083333
537,84228379,首都高速１号羽田線,139.75003038194444,35.56611762152778
538,84228396,首都高速１号羽田線,139.75038845486108,35.565750868055545
539,84228413,首都高速１号羽田線,139.75077690972222,35.565360243055565
540,84228422,首都高速１号羽田線,139.7510590277778,35.56505425347222
541,84228463,首都高速１号羽田線,139.75253255208332,35.56345269097222
542,84228520,首都高速１号羽田線,139.7544162326389,35.560787760416666
543,84228545,首都高速１号羽田線,139.7544162326389,35.559878472222216
544,84228594,首都高速１号羽田線,139.75358506944445,35.55755425347222
545,84228635,首都高速１号羽田線,139.75172309027778,35.55655598958333
546,84228724,首都高速１号羽田線,139.74677300347219,35.55439019097222
547,84228741,首都高速１号羽田線,139.74632161458334,35.55400390625
664,84235498,首都高速１号羽田線,139.74561414930557,35.551770833333336
665,84235539,首都高速１号羽田線,139.74633897569444,35.55375
666,84235556,首都高速１号羽田線,139.74677300347219,35.554242621527784
667,84235645,首都高速１号羽田線,139.75173828125,35.55648654513889
668,84235686,首都高速１号羽田線,139.75361545138892,35.55745659722222
669,84235711,首都高速１号羽田線,139.75418836805557,35.55869357638889
670,84235752,首都高速１号羽田線,139.75456163194445,35.560655381944436
671,84235817,首都高速１号羽田線,139.75262369791668,35.563489583333336
672,84235858,首都高速１号羽田線,139.75114366319445,35.56509548611111
673,84235875,首都高速１号羽田線,139.75050347222222,35.565750868055545
674,84235956,首都高速１号羽田線,139.74870876736108,35.56950086805556
675,84236053,首都高速１号羽田線,139.74873263888892,35.57450520833333
676,84236086,首都高速１号羽田線,139.74799262152777,35.57595920138889
677,84236103,首都高速１号羽田線,139.74773220486108,35.57646267361111
678,84236144,首都高速１号羽田線,139.74677083333333,35.57832465277778
679,84236233,首都高速１号羽田線,139.74459635416667,35.58249348958333
680,84236314,首都高速１号羽田線,139.74225477430556,35.58641493055556
681,84236323,首都高速１号羽田線,139.74208767361108,35.58658203125
682,84236340,首都高速１号羽田線,139.74143880208334,35.58709635416667
683,84236381,首都高速１号羽田線,139.73953993055557,35.58869791666667
684,84236502,首都高速１号羽田線,139.74136284722223,35.59445963541667
685,84236567,首都高速１号羽田線,139.74268229166665,35.59779730902777
686,84236632,首都高速１号羽田線,139.74501519097223,35.600284288194445
687,84236673,首都高速１号羽田線,139.74677083333333,35.601640625
688,84236706,首都高速１号羽田線,139.74821180555554,35.602756076388886
689,84236803,首都高速１号羽田線,139.75074435763892,35.607413194444455
690,84237188,首都高速１号羽田線,139.75021050347223,35.62824435763889
691,84237317,首都高速１号羽田線,139.75139973958332,35.63527777777778
692,84237334,首都高速１号羽田線,139.75167534722223,35.63581814236111
693,84237439,首都高速１号羽田線,139.75435980902782,35.641024305555554
694,84237576,首都高速１号羽田線,139.75776909722222,35.647875434027775
695,84237601,首都高速１号羽田線,139.75837239583333,35.64906684027777
696,84237610,首都高速１号羽田線,139.75837890625,35.64907552083333
900,84851908,首都高速１号羽田線,139.74632161458334,35.55400390625
901,84851941,首都高速１号羽田線,139.74566623263888,35.552217881944436
902,84851949,首都高速１号羽田線,139.74555121527777,35.55184244791667
903,84851982,首都高速１号羽田線,139.74610894097222,35.553287760416666
904,84895365,首都高速１号羽田線,139.74647352430554,35.57809895833333
905,84895374,首都高速１号羽田線,139.74677083333333,35.5777734375
906,84895383,首都高速１号羽田線,139.74689453125,35.57758029513889
907,84895499,首都高速１号羽田線,139.74225477430556,35.58641493055556
908,84895516,首都高速１号羽田線,139.74271267361112,35.586043836805565
909,84895525,首都高速１号羽田線,139.74283420138892,35.58593098958333
910,84895757,首都高速１号羽田線,139.74283420138892,35.58593098958333
911,84895790,首都高速１号羽田線,139.74364366319443,35.584507378472225
912,84895930,首都高速１号羽田線,139.74279730902776,35.58550347222222
913,84895955,首都高速１号羽田線,139.74171440972222,35.58658203125
914,84895964,首都高速１号羽田線,139.7417816840278,35.58675564236111
915,84895973,首都高速１号羽田線,139.74211805555555,35.58658203125
916,84895990,首都高速１号羽田線,139.74260633680555,35.58595269097222
917,84895999,首都高速１号羽田線,139.74255208333332,35.58592230902778
918,84896024,首都高速１号羽田線,139.74181206597223,35.58658203125
919,84896132,首都高速１号羽田線,139.74255208333332,35.58592230902778
920,84896149,首都高速１号羽田線,139.74187282986108,35.58658203125
1007,84914430,首都高速１号羽田線,139.75330295138892,35.555555555555564
1008,84914441,首都高速１号羽田線,139.75328776041667,35.556043836805564
1009,84914479,首都高速１号羽田線,139.75358506944445,35.5578125
1010,84914488,首都高速１号羽田線,139.75369140625,35.55808810763889
1011,84914899,首都高速１号羽田線,139.75418836805557,35.55869357638889
1012,84914932,首都高速１号羽田線,139.7537673611111,35.55699001736111
1050,84931521,首都高速１号羽田線,139.74691623263888,35.57855251736111
1051,84931546,首都高速１号羽田線,139.74721354166667,35.577647569444444
1052,85422637,首都高速１号羽田線,139.74194878472218,35.59575737847222
1053,85422785,首都高速１号羽田線,139.74268229166665,35.59779730902777
1054,85422834,首都高速１号羽田線,139.74431423611108,35.59987630208333
1055,85422950,首都高速１号羽田線,139.73995008680555,35.59265407986111
1056,85423015,首都高速１号羽田線,139.73642578125,35.591328125
1057,85423072,首都高速１号羽田線,139.73587022569444,35.588617621527774
1058,85423188,首都高速１号羽田線,139.74136284722223,35.59445963541667
1059,85432362,首都高速３号渋谷線,139.73706380208333,35.66564453125
1060,85432603,首都高速３号渋谷線,139.72248697916666,35.659561631944435
1061,85432708,首都高速３号渋谷線,139.71552083333333,35.65898220486111
1062,85432765,首都高速３号渋谷線,139.71197482638888,35.658656684027775
1063,85432782,首都高速３号渋谷線,139.7113324652778,35.658595920138886
1064,85432799,首都高速３号渋谷線,139.71025824652781,35.658487413194436
1065,85432824,首都高速３号渋谷線,139.70871527777777,35.658350694444444
1066,85432841,首都高速３号渋谷線,139.70812934027776,35.65831597222222
1067,85432850,首都高速３号渋谷線,139.70796006944445,35.65830078125
1068,85432891,首都高速３号渋谷線,139.70543619791667,35.65817708333333
1069,85432900,首都高速３号渋谷線,139.7050390625,35.658161892361115
1070,85433021,首都高速３号渋谷線,139.69747178819443,35.656200086805555
1071,85433150,首都高速３号渋谷線,139.69019314236112,35.652899305555565
1072,85433239,首都高速３号渋谷線,139.68507595486108,35.65088541666667
1073,85433248,首都高速３号渋谷線,139.68485460069445,35.650768229166665
1074,85433265,首都高速３号渋谷線,139.6842751736111,35.65045138888889
1075,85433314,首都高速３号渋谷線,139.68167317708333,35.649073350694444
1076,85433323,首都高速３号渋谷線,139.68145182291667,35.648956163194434
1077,85433436,首都高速３号渋谷線,139.6751584201389,35.6455859375
1078,85433877,首都高速３号渋谷線,139.65302734375,35.630093315972225
1079,85433966,首都高速３号渋谷線,139.64756510416666,35.6282421875
1080,85434247,首都高速３号渋谷線,139.63034722222218,35.62639973958333
1081,85434411,首都高速３号渋谷線,139.63029513888893,35.62656901041667
1082,85434567,首都高速３号渋谷線,139.63034722222218,35.62639973958333
1083,85434715,首都高速３号渋谷線,139.63106553819443,35.62630859375
1084,85434724,首都高速３号渋谷線,139.63121744791667,35.626375868055554
1085,85434840,首都高速３号渋谷線,139.62642578125,35.627330729166665
1086,85434905,首都高速３号渋谷線,139.63029513888893,35.62656901041667
1087,85434922,首都高速３号渋谷線,139.63095052083332,35.62634982638889
1088,85434931,首都高速３号渋谷線,139.63106553819443,35.62630859375
1089,85434940,首都高速３号渋谷線,139.63152994791668,35.62607421875
1090,85435197,首都高速３号渋谷線,139.64735894097223,35.6282421875
1091,85435294,首都高速３号渋谷線,139.65302734375,35.630164930555566
1092,85435791,首都高速３号渋谷線,139.67813368055556,35.647354600694435
1093,85435808,首都高速３号渋谷線,139.67888020833334,35.64774088541667
1094,85435857,首都高速３号渋谷線,139.68137586805554,35.649073350694444
1095,85435914,首都高速３号渋谷線,139.6842751736111,35.650614149305554
1096,85435923,首都高速３号渋谷線,139.684296875,35.650625
1097,85435948,首都高速３号渋谷線,139.68529730902782,35.65114366319445
1098,85435957,首都高速３号渋谷線,139.68559461805555,35.65129123263889
1099,85436038,首都高速３号渋谷線,139.69047526041666,35.653081597222226
1100,85436047,首都高速３号渋谷線,139.69064453125,35.65312717013889
1101,85436152,首都高速３号渋谷線,139.69639539930554,35.65605251736111
1102,85436297,首都高速３号渋谷線,139.70541232638888,35.65827907986111
1103,85436338,首都高速３号渋谷線,139.70795355902777,35.65837239583333
1104,85436347,首都高速３号渋谷線,139.70812934027776,35.658381076388885
1105,85436364,首都高速３号渋谷線,139.70870876736112,35.658422309027785
1106,85436389,首都高速３号渋谷線,139.7101953125,35.65854383680556
1107,85436414,首都高速３号渋谷線,139.71131727430554,35.65866536458333
1108,85436431,首都高速３号渋谷線,139.71195746527778,35.658717447916665
1109,85436488,首都高速３号渋谷線,139.71552083333333,35.659053819444445
1110,85436593,首都高速３号渋谷線,139.7224631076389,35.65964409722222
1111,85459533,首都高速２号目黒線,139.71794921875,35.62152126736111
1112,85459606,首都高速２号目黒線,139.71552300347219,35.618702256944445
1113,85479755,首都高速２号目黒線,139.73734809027778,35.65340277777778
1114,85479860,首都高速２号目黒線,139.7375911458333,35.64907552083333
1115,85480021,首都高速２号目黒線,139.72922960069445,35.646924913194454
1116,85480278,首都高速２号目黒線,139.71693359375,35.638491753472216
1117,85480287,首都高速２号目黒線,139.71691840277776,35.63817708333333
1118,85480296,首都高速２号目黒線,139.71691840277776,35.63810546875
1119,85480497,首都高速２号目黒線,139.71974175347222,35.62824435763889
1120,85480610,首都高速２号目黒線,139.71794921875,35.62243706597222
1121,85480667,首都高速２号目黒線,139.71831380208334,35.6196484375
1122,85480676,首都高速２号目黒線,139.71834635416667,35.619364149305554
1123,85480816,首都高速２号目黒線,139.71794921875,35.62243706597222
1124,85480833,首都高速２号目黒線,139.71814670138892,35.621647135416666
1125,85481013,首都高速２号目黒線,139.73730251736112,35.65342447916667
1126,85481094,首都高速２号目黒線,139.7375,35.64907552083333
1127,85481255,首都高速２号目黒線,139.72888020833332,35.646929253472216
1128,85481408,首都高速２号目黒線,139.72047960069446,35.64274305555556
1129,85481513,首都高速２号目黒線,139.71684244791666,35.638487413194454
1130,85481530,首都高速２号目黒線,139.71684244791666,35.637921006944445
1131,85481539,首都高速２号目黒線,139.71686414930556,35.63781467013889
1132,85481732,首都高速２号目黒線,139.7196332465278,35.62824435763889
1133,85481861,首都高速２号目黒線,139.71794921875,35.62152126736111
1134,85481902,首都高速２号目黒線,139.71826822916665,35.619364149305554
1135,85494725,首都高速３号渋谷線,139.6725564236111,35.644034288194455
1136,85494873,首都高速３号渋谷線,139.68145182291667,35.648956163194434
1137,85494882,首都高速３号渋谷線,139.68158203125,35.649073350694444
1138,85494907,首都高速３号渋谷線,139.68258897569444,35.64962239583333
1139,85494940,首都高速３号渋谷線,139.6842751736111,35.6505078125
1140,85495080,首都高速３号渋谷線,139.67888020833334,35.64774088541667
1141,85495271,首都高速３号渋谷線,139.67437282986108,35.645397135416665
1142,85495320,首都高速３号渋谷線,139.67692057291666,35.64662760416667
1143,85519548,首都高速２号目黒線,139.72922960069445,35.646924913194454
1144,85519713,首都高速２号目黒線,139.72888020833332,35.646929253472216
1145,85526344,首都高速２号目黒線,139.71686414930556,35.63781467013889
1146,85526492,首都高速２号目黒線,139.71691840277776,35.63810546875
1147,85538380,首都高速４号新宿線,139.74065755208332,35.678897569444445
1148,85538477,首都高速４号新宿線,139.73433376736108,35.678515625
1149,85538518,首都高速４号新宿線,139.73263888888889,35.679893663194434
1150,85538543,首都高速４号新宿線,139.73173828125,35.680770399305565
1151,85538632,首都高速４号新宿線,139.72641493055556,35.68120659722222
1152,85538665,首都高速４号新宿線,139.72486545138892,35.68054470486111
1153,85538690,首都高速４号新宿線,139.72364583333334,35.68000217013889
1154,85538723,首都高速４号新宿線,139.72161675347223,35.67962456597222
1155,85538748,首都高速４号新宿線,139.71998263888892,35.67979166666667
1156,85538773,首都高速４号新宿線,139.71877821180556,35.67991970486111
1157,85538822,首都高速４号新宿線,139.71552083333333,35.680418836805565
1158,85538847,首都高速４号新宿線,139.71424696180554,35.68060546875
1159,85538904,首都高速４号新宿線,139.71076822916666,35.68111979166667
1160,85539121,首都高速４号新宿線,139.69680772569444,35.68040798611111
1161,85539210,首都高速４号新宿線,139.69245876736107,35.681490885416665
1162,85539347,首都高速４号新宿線,139.68597439236112,35.680941840277775
1163,85539356,首都高速４号新宿線,139.68582248263888,35.68083984375
1164,85539389,首都高速４号新宿線,139.68427300347219,35.67994357638889
1165,85539478,首都高速４号新宿線,139.67930772569446,35.67788845486111
1166,85539503,首都高速４号新宿線,139.67792534722219,35.67748263888889
1167,85539888,首都高速４号新宿線,139.6530251736111,35.67057508680556
1168,85539945,首都高速４号新宿線,139.64957682291666,35.66990451388889
1169,85539954,首都高速４号新宿線,139.64915147569445,35.669635416666665
1170,85540027,首都高速４号新宿線,139.6451540798611,35.667977430555545
1171,85540284,首都高速４号新宿線,139.6282790798611,35.66990451388889
1172,85540341,首都高速４号新宿線,139.62463975694445,35.67054904513889
1173,85540406,首都高速４号新宿線,139.62177951388892,35.672842881944455
1174,85540415,首都高速４号新宿線,139.62151258680555,35.673092447916666
1175,85540488,首都高速４号新宿線,139.61790364583334,35.67570529513889
1176,85540652,首都高速４号新宿線,139.74096137152782,35.678995225694436
1177,85540701,首都高速４号新宿線,139.73784939236108,35.678760850694445
1178,85540718,首都高速４号新宿線,139.73699435763888,35.678741319444434
1179,85540799,首都高速４号新宿線,139.73272352430556,35.67990885416667
1180,85540824,首都高速４号新宿線,139.7317990451389,35.68083550347223
1181,85540913,首都高速４号新宿線,139.72634548611111,35.68125651041667
1182,85540946,首都高速４号新宿線,139.7248111979167,35.680616319444454
1183,85540971,首都高速４号新宿線,139.72359157986108,35.68007161458333
1184,85541004,首都高速４号新宿線,139.72162326388892,35.67970703125
1185,85541029,首都高速４号新宿線,139.71999782986111,35.679874131944445
1186,85541054,首都高速４号新宿線,139.71879340277778,35.68
1187,85541111,首都高速４号新宿線,139.71552083333333,35.680499131944444
1188,85541136,首都高速４号新宿線,139.71425347222223,35.68069661458333
1189,85541369,首都高速４号新宿線,139.69923394097222,35.68077907986111
1190,85541402,首都高速４号新宿線,139.69725694444443,35.68082899305556
1191,85541419,首都高速４号新宿線,139.69673828125,35.680514322916665
1192,85541532,首都高速４号新宿線,139.69155164930555,35.68305121527778
1193,85541581,首都高速４号新宿線,139.68901692708334,35.683016493055554
1194,85541646,首都高速４号新宿線,139.68593532986108,35.68101128472223
1195,85541655,首都高速４号新宿線,139.685859375,35.68096137152778
1196,85541688,首都高速４号新宿線,139.68427300347219,35.68004557291667
1197,85541745,首都高速４号新宿線,139.6809765625,35.678671875
1198,85541778,首都高速４号新宿線,139.679375,35.67806640625
1199,85542187,首都高速４号新宿線,139.6530251736111,35.67066623263889
1200,85542236,首都高速４号新宿線,139.65008029513888,35.670184461805555
1201,85542245,首都高速４号新宿線,139.65002821180556,35.67016927083333
1202,85542254,首都高速４号新宿線,139.64992838541667,35.670138888888886
1203,85542271,首都高速４号新宿線,139.64937934027782,35.66990451388889
1204,85542291,首都高速４号新宿線,139.64831163194444,35.66924262152778
1205,85542336,首都高速４号新宿線,139.64571831597223,35.66821614583333
1206,85542345,首都高速４号新宿線,139.64532769097218,35.66814019097223
1207,85542354,首都高速４号新宿線,139.64518446180554,35.66811414930555
1208,85542371,首都高速４号新宿線,139.6441775173611,35.668148871527784
1209,85542380,首都高速４号新宿線,139.64398654513892,35.668125
1210,85542397,首都高速４号新宿線,139.64324652777782,35.66797092013889
1211,85542414,首都高速４号新宿線,139.64246744791666,35.66770182291667
1212,85542423,首都高速４号新宿線,139.64182725694445,35.667615017361115
1213,85542624,首都高速４号新宿線,139.6287673611111,35.66990451388889
1214,85542753,首都高速４号新宿線,139.62177951388892,35.67300130208333
1215,85542762,首都高速４号新宿線,139.62163411458334,35.67314887152778
1216,85542843,首都高速４号新宿線,139.61801649305556,35.6758984375
1217,85547463,首都高速４号新宿線,139.64571831597223,35.66821614583333
1218,85547627,首都高速４号新宿線,139.64915147569445,35.669635416666665
1219,85547783,首都高速４号新宿線,139.64992838541667,35.670138888888886
1220,85547800,首都高速４号新宿線,139.64929470486112,35.66990451388889
1221,85547817,首都高速４号新宿線,139.64852430555555,35.669476996527784
1222,85547981,首都高速４号新宿線,139.6451540798611,35.667977430555545
1223,85548006,首都高速４号新宿線,139.64659505208334,35.66831814236111
1224,85548162,首都高速４号新宿線,139.64324652777782,35.66797092013889
1225,85548171,首都高速４号新宿線,139.64351345486108,35.66822482638889
1226,85548279,首都高速４号新宿線,139.64518446180554,35.66811414930555
1227,85548296,首都高速４号新宿線,139.64420789930554,35.667940538194436
1228,85572820,首都高速中央環状線,139.68776041666666,35.668537326388886
1229,85572893,首都高速中央環状線,139.6878125,35.66488498263889
1230,85572926,首都高速中央環状線,139.68769965277778,35.663359375
1231,85574551,首都高速中央環状線,139.7080881076389,35.74324652777778
1232,85574560,首都高速中央環状線,139.70795789930554,35.74293619791667
1233,85574625,首都高速中央環状線,139.70582899305555,35.740138888888886
1234,85574666,首都高速中央環状線,139.70427300347222,35.738530815972226
1235,85574707,首都高速中央環状線,139.70280164930554,35.737178819444445
1236,85574716,首都高速中央環状線,139.70256510416667,35.73697048611111
1237,85574821,首都高速中央環状線,139.6989322916667,35.73239800347222
1238,85574966,首都高速中央環状線,139.6949066840278,35.72523871527777
1239,85575031,首都高速中央環状線,139.69251085069445,35.72251085069445
1240,85575256,首都高速中央環状線,139.68513454861107,35.71156684027777
1241,85575297,首都高速中央環状線,139.68427083333333,35.709735243055555
1242,85575554,首都高速中央環状線,139.68257161458334,35.69574435763889
1243,85575651,首都高速中央環状線,139.68159505208334,35.69073567708333
1244,85575684,首都高速中央環状線,139.68194661458332,35.68916015625
1245,85575741,首都高速中央環状線,139.68427300347219,35.686764322916666
1246,85576006,首都高速中央環状線,139.68759982638892,35.673266059027775
1247,85576055,首都高速中央環状線,139.68763020833333,35.670611979166665
1248,85576072,首都高速中央環状線,139.68770616319443,35.66991102430556
1249,85576081,首都高速中央環状線,139.68770616319443,35.66990451388889
1250,85576090,首都高速中央環状線,139.68770616319443,35.66990017361111
1251,85576123,首都高速中央環状線,139.68776041666666,35.668537326388886
1252,85576364,首都高速中央環状線,139.69052083333332,35.656061197916664
1253,85576397,首都高速中央環状線,139.68978298611108,35.65444878472222
1254,85576470,首都高速中央環状線,139.68784505208333,35.65191623263889
1255,85576592,首都高速中央環状線,139.68795789930556,35.650390625
1256,85576609,首都高速中央環状線,139.68804253472223,35.65041232638889
1257,85576626,首都高速中央環状線,139.6879058159722,35.651545138888885
1258,85576774,首都高速中央環状線,139.68803385416666,35.66839409722222
1259,85576839,首都高速中央環状線,139.68788194444446,35.66488064236111
1260,85576963,首都高速中央環状線,139.70763671875,35.74228515625
1261,85577084,首都高速中央環状線,139.70274088541666,35.73704644097222
1262,85577157,首都高速中央環状線,139.69977213541668,35.733938802083344
1263,85577190,首都高速中央環状線,139.69904079861112,35.73239800347222
1264,85577207,首都高速中央環状線,139.6987890625,35.731875
1265,85577344,首都高速中央環状線,139.69501302083333,35.72521267361111
1266,85577409,首都高速中央環状線,139.6926171875,35.7224609375
1267,85577634,首都高速中央環状線,139.68524088541668,35.71156684027777
1268,85577675,首都高速中央環状線,139.68427083333333,35.7094921875
1269,85577908,首都高速中央環状線,139.68290581597222,35.696803385416665
1270,85578005,首都高速中央環状線,139.68186197916665,35.69157986111111
1271,85578022,首都高速中央環状線,139.68178602430555,35.69073567708333
1272,85578055,首都高速中央環状線,139.68198350694445,35.68947482638889
1273,85578063,首都高速中央環状線,139.68228081597223,35.68904730902778
1274,85578104,首都高速中央環状線,139.68427300347219,35.687078993055565
1275,85578369,首都高速中央環状線,139.68788845486108,35.67363715277778
1276,85578434,首都高速中央環状線,139.68792751736112,35.67038845486111
1277,85578451,首都高速中央環状線,139.68798828125,35.66990451388889
1278,85578484,首都高速中央環状線,139.68803385416666,35.66839409722222
1279,85578653,首都高速中央環状線,139.68964409722219,35.659453125
1280,85578750,首都高速３号渋谷線,139.68991102430556,35.6546484375
1281,85578823,首都高速３号渋谷線,139.68695095486112,35.65073784722223
1282,85578832,首都高速３号渋谷線,139.6869900173611,35.65069661458333
1283,85578905,首都高速３号渋谷線,139.68770616319443,35.651616753472226
1284,85578921,首都高速３号渋谷線,139.68696614583334,35.651484375
1285,85578954,首都高速３号渋谷線,139.68782118055555,35.6503515625
1286,85578963,首都高速３号渋谷線,139.68805772569445,35.65038628472223
1287,85578972,首都高速３号渋谷線,139.68837022569446,35.65067708333333
1288,85578989,首都高速３号渋谷線,139.68833333333333,35.65093967013889
1289,85579037,首都高速３号渋谷線,139.68638671875,35.651490885416656
1290,85579153,首都高速３号渋谷線,139.69064453125,35.65312717013889
1291,85579226,首都高速３号渋谷線,139.68838541666668,35.650987413194436
1292,85581696,首都高速３号渋谷線,139.70541232638888,35.65827907986111
1293,85581828,首都高速３号渋谷線,139.69747178819443,35.656200086805555
1294,85581987,首都高速３号渋谷線,139.69639539930554,35.65605251736111
1295,85582020,首都高速３号渋谷線,139.69478732638888,35.655629340277784
1296,85590086,首都高速中央環状線,139.684296875,35.650625
1297,85590123,首都高速中央環状線,139.68607421875,35.65138237847222
1298,85590151,首都高速中央環状線,139.68798177083335,35.65136284722223
1299,85597792,首都高速３号渋谷線,139.73881076388892,35.66531901041667
1300,85597833,首都高速３号渋谷線,139.73706380208333,35.66564453125
1301,85597997,首都高速２号目黒線,139.7391775173611,35.655518663194435
1302,85598030,首都高速２号目黒線,139.73734809027778,35.65340277777778
1303,85598186,首都高速都心環状線,139.736796875,35.65703559027778
1304,85598259,首都高速都心環状線,139.73730251736112,35.65342447916667
1305,85598423,首都高速都心環状線,139.73655381944445,35.659481336805555
1306,85598555,首都高速都心環状線,139.73862847222222,35.663797743055554
1307,85598572,首都高速都心環状線,139.7384157986111,35.663187934027775
1308,85598712,首都高速都心環状線,139.74127604166668,35.65512803819445
1309,85598737,首都高速都心環状線,139.74250434027778,35.654811197916665
1310,85598762,首都高速都心環状線,139.74399956597222,35.65480251736111
1311,85598870,首都高速都心環状線,139.74600477430556,35.65435980902778
1312,85598887,首都高速都心環状線,139.74676866319444,35.653713107638886
1313,85598896,首都高速都心環状線,139.74692057291668,35.653602430555566
1314,85599020,首都高速都心環状線,139.73943793402782,35.66749565972222
1315,85599085,首都高速都心環状線,139.73624131944445,35.66531467013889
1316,85599241,首都高速都心環状線,139.74166449652782,35.66990668402778
1317,85599282,首都高速都心環状線,139.74345703125,35.67154513888889
1318,85599307,首都高速都心環状線,139.74465494791667,35.671961805555554
1319,85599316,首都高速都心環状線,139.74489800347223,35.67201822916667
1320,85599341,首都高速都心環状線,139.74609592013888,35.67237847222222
1321,85599358,首都高速都心環状線,139.74660807291667,35.672745225694435
1322,85599367,首都高速都心環状線,139.74676866319444,35.672886284722225
1323,85599440,首都高速都心環状線,139.74919270833334,35.67636067708333
1324,85599457,首都高速都心環状線,139.74903428819445,35.67697048611111
1325,85599466,首都高速都心環状線,139.74878255208333,35.677254774305545
1326,85599483,首都高速都心環状線,139.7482400173611,35.677840711805565
1327,85599516,首都高速都心環状線,139.74707248263888,35.679014756944454
1328,85599525,首都高速都心環状線,139.74695746527777,35.679066840277784
1329,85599534,首都高速都心環状線,139.74676866319444,35.67914279513889
1330,85599543,首都高速都心環状線,139.74676866319444,35.67914279513889
1331,85599552,首都高速都心環状線,139.7464474826389,35.67924479166667
1332,85599657,首都高速都心環状線,139.74428819444444,35.683932291666665
1333,85599754,首都高速都心環状線,139.74553819444444,35.68879557291667
1334,85599763,首都高速都心環状線,139.74592013888892,35.68906901041667
1335,85599780,首都高速都心環状線,139.74676649305556,35.689242621527775
1336,85599797,首都高速都心環状線,139.74774305555556,35.689409722222216
1337,85599822,首都高速都心環状線,139.74918619791666,35.689375
1338,85599839,首都高速都心環状線,139.74978732638888,35.68929904513889
1339,85599856,首都高速都心環状線,139.75054253472223,35.689329427083344
1340,85599889,首都高速都心環状線,139.75213758680556,35.689991319444445
1341,85599914,首都高速都心環状線,139.75315972222222,35.69042317708333
1342,85599931,首都高速都心環状線,139.75399088541667,35.690737847222216
1343,85600036,首都高速都心環状線,139.76084201388892,35.691180555555555
1344,85600053,首都高速都心環状線,139.76171223958335,35.690737847222216
1345,85600062,首都高速都心環状線,139.76171875,35.690733506944454
1346,85600079,首都高速都心環状線,139.76250434027781,35.69040798611111
1347,85600136,首都高速都心環状線,139.7659765625,35.6890234375
1348,85600153,首都高速都心環状線,139.76648003472224,35.68896918402777
1349,85600306,首都高速都心環状線,139.77394097222222,35.68420355902778
1350,85600323,首都高速都心環状線,139.77472005208332,35.68410590277778
1351,85600332,首都高速都心環状線,139.77523003472223,35.684112413194434
1352,85600381,首都高速都心環状線,139.77801432291668,35.684268663194445
1353,85600406,首都高速都心環状線,139.77801432291668,35.68315104166667
1354,85600431,首都高速都心環状線,139.77733506944443,35.68195963541667
1355,85600472,首都高速都心環状線,139.77618489583332,35.680043402777784
1356,85600489,首都高速都心環状線,139.77586371527778,35.67953559027778
1357,85600538,首都高速都心環状線,139.77449869791667,35.67723524305556
1358,85600643,首都高速都心環状線,139.77230034722223,35.672196180555545
1359,85600652,首都高速都心環状線,139.77222439236112,35.67197265625
1360,85600661,首都高速都心環状線,139.77203342013888,35.671564670138885
1361,85600694,首都高速都心環状線,139.77053819444444,35.669963107638885
1362,85600711,首都高速都心環状線,139.77047743055556,35.66990668402778
1363,85600832,首都高速都心環状線,139.76543619791667,35.66484157986111
1364,85600857,首都高速都心環状線,139.76467230902782,35.664073350694444
1365,85600898,首都高速都心環状線,139.76274956597223,35.663213975694454
1366,85600939,首都高速都心環状線,139.76135416666668,35.661577690972216
1367,85600980,首都高速都心環状線,139.76005859375,35.65991970486111
1368,85601085,首都高速都心環状線,139.76020399305554,35.65445746527778
1369,85601094,首都高速都心環状線,139.76018663194444,35.65418185763889
1370,85601159,首都高速都心環状線,139.7574175347222,35.652784288194454
1371,85601288,首都高速都心環状線,139.74926432291667,35.65298177083333
1372,85601329,首都高速都心環状線,139.74676866319444,35.65348958333333
1373,85601426,首都高速都心環状線,139.74127604166668,35.65512803819445
1374,85601459,首都高速都心環状線,139.7391775173611,35.655518663194435
1375,85601508,首都高速都心環状線,139.736796875,35.65703559027778
1376,85601533,首都高速都心環状線,139.73642361111112,35.65799045138889
1377,85601566,首都高速都心環状線,139.73667534722222,35.65952690972223
1378,85601655,首都高速都心環状線,139.73846788194444,35.66386935763889
1379,85601688,首都高速都心環状線,139.73881076388892,35.66531901041667
1380,85601729,首都高速都心環状線,139.73943793402782,35.66749565972222
1381,85601786,首都高速都心環状線,139.74159505208334,35.66983940972222
1382,85601894,首都高速都心環状線,139.77781684027778,35.68293185763889
1383,85601903,首都高速都心環状線,139.77801432291668,35.683283420138885
1384,85601928,首都高速都心環状線,139.77801432291668,35.68419921875
1385,85601953,首都高速都心環状線,139.77690972222223,35.68426432291667
1386,85601994,首都高速都心環状線,139.77458984375,35.68393880208333
1387,85602011,首都高速都心環状線,139.77393446180557,35.684029947916656
1388,85602164,首都高速都心環状線,139.7667404513889,35.68873480902778
1389,85602173,首都高速都心環状線,139.76595269097223,35.68893880208333
1390,85602246,首都高速都心環状線,139.76213975694444,35.690416666666664
1391,85602263,首都高速都心環状線,139.76153645833332,35.690737847222216
1392,85602288,首都高速都心環状線,139.7603927951389,35.691124131944434
1393,85602377,首都高速都心環状線,139.75483072916666,35.690926649305545
1394,85602394,首都高速都心環状線,139.75430338541668,35.690737847222216
1395,85602403,首都高速都心環状線,139.7538845486111,35.6905859375
1396,85602412,首都高速都心環状線,139.7536328125,35.690494791666666
1397,85602437,首都高速都心環状線,139.75219184027782,35.68990885416667
1398,85602470,首都高速都心環状線,139.75030598958332,35.689227430555555
1399,85602479,首都高速都心環状線,139.74977213541666,35.689242621527775
1400,85602496,首都高速都心環状線,139.74877387152782,35.68930772569445
1401,85602513,首都高速都心環状線,139.74775824652778,35.68932291666667
1402,85602530,首都高速都心環状線,139.74676649305556,35.68916015625
1403,85602547,首都高速都心環状線,139.74597439236112,35.68898871527778
1404,85602564,首都高速都心環状線,139.74543185763892,35.688428819444454
1405,85602653,首都高速都心環状線,139.7443337673611,35.68390842013889
1406,85602670,首都高速都心環状線,139.74414279513888,35.68322048611111
1407,85602759,首都高速都心環状線,139.74614149305555,35.679377170138885
1408,85602768,首都高速都心環状線,139.74646267361112,35.679264322916666
1409,85602777,首都高速都心環状線,139.74676866319444,35.67917317708333
1410,85602786,首都高速都心環状線,139.74676866319444,35.67917317708333
1411,85602795,首都高速都心環状線,139.74697265625,35.679090711805564
1412,85602804,首都高速都心環状線,139.74712673611108,35.679021267361115
1413,85602845,首都高速都心環状線,139.74883463541667,35.67728515625
1414,85602854,首都高速都心環状線,139.74909505208333,35.67701605902778
1415,85602871,首都高速都心環状線,139.74932291666667,35.676356336805554
1416,85602952,首都高速都心環状線,139.74691189236108,35.67284722222223
1417,85602961,首都高速都心環状線,139.74676866319444,35.672719184027784
1418,85602970,首都高速都心環状線,139.74666015625,35.67262803819445
1419,85602987,首都高速都心環状線,139.74618055555555,35.67227647569445
1420,85603012,首都高速都心環状線,139.74493706597218,35.67195095486111
1421,85603021,首都高速都心環状線,139.74468532986108,35.671909722222225
1422,85603046,首都高速都心環状線,139.74353298611112,35.671493055555565
1423,85603087,首都高速都心環状線,139.74180121527777,35.66990668402778
1424,85603096,首都高速都心環状線,139.74171875,35.66983072916667
1425,85603137,首都高速都心環状線,139.74005425347218,35.668055555555554
1426,85603202,首都高速都心環状線,139.73882595486108,35.66507595486111
1427,85603275,首都高速都心環状線,139.73784288194446,35.661163194444434
1428,85603348,首都高速都心環状線,139.73660807291665,35.65755859375
1429,85603413,首都高速都心環状線,139.73947482638889,35.65553385416667
1430,85603518,首都高速都心環状線,139.74592230902778,35.65443576388889
1431,85603527,首都高速都心環状線,139.74600477430556,35.65435980902778
1432,85603552,首都高速都心環状線,139.74676866319444,35.65358072916667
1433,85603561,首都高速都心環状線,139.7468684895833,35.653515625
1434,85603658,首都高速都心環状線,139.75283420138888,35.653387586805565
1435,85603739,首都高速都心環状線,139.75784505208333,35.65284939236111
1436,85603756,首都高速都心環状線,139.75846354166666,35.652860243055564
1437,85603797,首都高速都心環状線,139.76005859375,35.65404513888889
1438,85603814,首都高速都心環状線,139.76007378472218,35.65468532986111
1439,85603919,首都高速都心環状線,139.7599587673611,35.660067274305554
1440,85603960,首都高速都心環状線,139.76133246527777,35.661662326388885
1441,85604001,首都高速都心環状線,139.76271267361108,35.66328125
1442,85604042,首都高速都心環状線,139.76460503472222,35.66413411458333
1443,85604115,首都高速都心環状線,139.76750217013893,35.66699869791667
1444,85604188,首都高速都心環状線,139.77031901041667,35.66990668402778
1445,85604205,首都高速都心環状線,139.77055555555555,35.67009548611111
1446,85604214,首都高速都心環状線,139.77073784722222,35.67026258680556
1447,85604225,首都高速都心環状線,139.77131727430555,35.67085286458333
1448,85604263,首都高速都心環状線,139.77240017361112,35.67318793402778
1449,85604376,首都高速都心環状線,139.77518446180557,35.67861979166667
1450,85604393,首都高速都心環状線,139.77563585069444,35.679377170138885
1451,85604410,首都高速都心環状線,139.7760546875,35.680078125
1452,85604475,首都高速１号上野線,139.77781684027778,35.68293185763889
1453,85604484,首都高速１号上野線,139.77801432291668,35.683237847222216
1454,85604509,首都高速１号上野線,139.77801432291668,35.68437065972222
1455,85604542,首都高速１号上野線,139.77671875,35.685494791666656
1456,85604559,首都高速１号上野線,139.77665581597222,35.68633029513889
1457,85604648,首都高速１号上野線,139.77506944444445,35.690737847222216
1458,85604737,首都高速１号上野線,139.77523003472223,35.695299479166664
1459,85604978,首都高速１号上野線,139.776328125,35.70878255208333
1460,85605035,首都高速１号上野線,139.77690755208334,35.71156901041667
1461,85605060,首都高速１号上野線,139.77801432291668,35.71231770833333
1462,85605117,首都高速１号上野線,139.77976779513892,35.71461154513889
1463,85605134,首都高速１号上野線,139.78031684027778,35.715373263888885
1464,85605151,首都高速１号上野線,139.78082899305556,35.71609592013889
1465,85605192,首都高速１号上野線,139.7820334201389,35.71763237847223
1466,85605225,首都高速１号上野線,139.783125,35.71901041666667
1467,85605250,首都高速１号上野線,139.78386501736108,35.71988064236111
1468,85605275,首都高速１号上野線,139.78321614583334,35.718973524305554
1469,85605308,首都高速１号上野線,139.78212456597223,35.71757595486111
1470,85605341,首都高速１号上野線,139.78092664930554,35.716065538194435
1471,85605366,首都高速１号上野線,139.780234375,35.715084635416666
1472,85605431,首都高速１号上野線,139.77801432291668,35.71220486111111
1473,85605456,首都高速１号上野線,139.77703776041668,35.71156901041667
1474,85605545,首都高速１号上野線,139.7762738715278,35.706987847222216
1475,85605802,首都高速１号上野線,139.77500217013892,35.69272786458333
1476,85605843,首都高速１号上野線,139.77523003472223,35.690737847222216
1477,85605900,首都高速１号上野線,139.77641276041666,35.687996961805545
1478,85605965,首都高速１号上野線,139.77745876736108,35.68463107638889
1479,85605982,首都高速１号上野線,139.77801432291668,35.684461805555564
1480,85606015,首都高速１号上野線,139.77801432291668,35.68307942708333
1481,85615197,首都高速３号渋谷線,139.7224631076389,35.65964409722222
1482,85615206,首都高速３号渋谷線,139.72201388888888,35.6596484375
1483,85615346,首都高速３号渋谷線,139.72248697916666,35.659561631944435
1490,85618992,首都高速中央環状線,139.75508680555555,35.60385850694445
1491,85619017,首都高速中央環状線,139.75503255208332,35.60522786458333
1501,85630214,首都高速１１号台場線,139.77755859375,35.627660590277785
1502,85630231,首都高速１１号台場線,139.77801649305556,35.62796657986111
1503,85630240,首都高速１１号台場線,139.7782378472222,35.628114149305546
1504,85630249,首都高速１１号台場線,139.7784592013889,35.62824652777777
1505,85630282,首都高速１１号台場線,139.78006944444445,35.62913628472222
1506,85630395,首都高速１１号台場線,139.78139539930555,35.633550347222226
1507,85630524,首都高速１１号台場線,139.78813368055555,35.633096788194436
1508,85630557,首都高速１１号台場線,139.78861979166666,35.63341362847222
1518,85652583,首都高速１１号台場線,139.75776909722222,35.647875434027775
1519,85652792,首都高速１１号台場線,139.76043185763888,35.637476128472215
1520,85652929,首都高速１１号台場線,139.76903862847223,35.63490234375
1521,85653066,首都高速１１号台場線,139.77801649305556,35.63634765625
1522,85653107,首都高速１１号台場線,139.78006944444445,35.63524956597223
1523,85653247,首都高速１１号台場線,139.78139539930555,35.633550347222226
1524,85653320,首都高速１１号台場線,139.77801649305556,35.63625
1525,85653457,首都高速１１号台場線,139.76908420138892,35.63478081597222
1526,85653594,首都高速１１号台場線,139.76040147569444,35.637369791666664
1527,85653715,首都高速１１号台場線,139.75770833333334,35.64289279513889
1528,85653764,首都高速１１号台場線,139.75762369791667,35.64516493055555
1529,85653845,首都高速１１号台場線,139.75814236111108,35.64907552083333
1530,85657209,首都高速１号羽田線,139.75224609375,35.63726128472222
1531,85657349,首都高速１号羽田線,139.75435980902782,35.641024305555554
1532,85657489,首都高速１１号台場線,139.75762369791667,35.64516493055555
1533,85657613,首都高速１１号台場線,139.75770833333334,35.64289279513889
1534,85657638,首都高速１１号台場線,139.75760199652777,35.643832465277775
1535,85657647,首都高速１１号台場線,139.75760199652777,35.643953993055554
1536,85657656,首都高速１１号台場線,139.75759331597223,35.644071180555564
1537,85657673,首都高速１１号台場線,139.75758680555555,35.64476779513889
1538,85657682,首都高速１１号台場線,139.75776258680554,35.644453125
1539,85657699,首都高速１１号台場線,139.75758680555555,35.643934461805564
1540,85657815,首都高速１１号台場線,139.75776258680554,35.644453125
1541,85657840,首都高速１１号台場線,139.75777777777782,35.64319661458333
1542,85657849,首都高速１１号台場線,139.7575173611111,35.64312065972222
1543,85657965,首都高速１号羽田線,139.75394097222218,35.640690104166666
1544,85657974,首都高速１号羽田線,139.75424479166668,35.64105685763889
1545,85657983,首都高速１号羽田線,139.75439887152777,35.64129557291667
1546,85658123,首都高速１号羽田線,139.75139973958332,35.63527777777778
1547,85658164,首都高速１号羽田線,139.75232204861112,35.637165798611115
1548,85658280,首都高速１１号台場線,139.77800130208334,35.63406901041667
1549,85658289,首都高速１１号台場線,139.77776475694444,35.63425130208333
1550,85658306,首都高速１１号台場線,139.77723958333334,35.63483723958333
1551,85658315,首都高速１１号台場線,139.7769487847222,35.63517795138889
1552,85658543,首都高速１１号台場線,139.76903862847223,35.63490234375
1553,85658624,首都高速１１号台場線,139.77421657986108,35.636336805555565
1554,85658681,首都高速１１号台場線,139.7772612847222,35.63532552083333
1555,85658706,首都高速１１号台場線,139.77801649305556,35.63439453125
1560,85664824,首都高速１０号晴海線,139.80252821180557,35.64080729166667
1561,85664977,首都高速１０号晴海線,139.79478515625,35.64074652777778
1562,85665205,首都高速１０号晴海線,139.79478515625,35.64074652777778
1563,85665278,首都高速１０号晴海線,139.79274739583335,35.64338541666667
1564,85665450,首都高速１０号晴海線,139.78964192708332,35.64760199652777
1565,85665515,首都高速１０号晴海線,139.79185546875,35.644835069444454
1566,85665540,首都高速１０号晴海線,139.79339626736112,35.642821180555565
1569,85671840,首都高速９号深川線,139.80788411458335,35.64291883680556
1570,85671865,首都高速９号深川線,139.80926432291668,35.643285590277785
1571,85671874,首都高速９号深川線,139.80944010416667,35.64334635416667
1572,85671891,首都高速９号深川線,139.81036241319444,35.64364583333333
1573,85671916,首都高速９号深川線,139.80970703125,35.643172743055565
1579,85672504,首都高速９号深川線,139.80480034722223,35.64179470486111
1580,85672561,首都高速９号深川線,139.80788411458335,35.64291883680556
1581,85672586,首都高速９号深川線,139.80926432291668,35.64336154513889
1582,85672603,首都高速９号深川線,139.80978298611112,35.64352864583333
1583,85672660,首都高速９号深川線,139.8124609375,35.64499348958333
1584,85672677,首都高速９号深川線,139.81248263888892,35.64549262152778
1585,85672718,首都高速９号深川線,139.81224609375,35.64743489583333
1586,85672799,首都高速９号深川線,139.81519097222218,35.64487196180556
1587,85672816,首都高速９号深川線,139.81607638888892,35.64516059027777
1588,85672841,首都高速９号深川線,139.81721354166666,35.645466579861115
1589,85672874,首都高速９号深川線,139.81937282986112,35.645726996527785
1590,85672891,首都高速９号深川線,139.82043185763888,35.645863715277784
1591,85675542,首都高速９号深川線,139.79017578125,35.67852864583333
1592,85675551,首都高速９号深川線,139.79030598958335,35.678472222222226
1593,85675704,首都高速９号深川線,139.79748480902776,35.673589409722226
1594,85675769,首都高速９号深川線,139.80146701388892,35.672823350694436
1595,85675858,首都高速９号深川線,139.80469401041665,35.669908854166664
1596,85675947,首都高速９号深川線,139.8052734375,35.66544270833333
1597,85676012,首都高速９号深川線,139.80613498263892,35.661944444444444
1598,85676101,首都高速９号深川線,139.80926432291668,35.657743055555564
1599,85676118,首都高速９号深川線,139.80987413194444,35.65712239583333
1600,85676271,首都高速９号深川線,139.8120941840278,35.64907769097222
1610,85677851,首都高速９号深川線,139.81036241319444,35.64364583333333
1611,85677999,首都高速９号深川線,139.81519097222218,35.64487196180556
1612,85678024,首都高速９号深川線,139.81633463541667,35.645345052083336
1613,85678041,首都高速９号深川線,139.81558810763892,35.645323350694454
1614,85678058,首都高速９号深川線,139.81523003472222,35.64511067708333
1615,85678075,首都高速９号深川線,139.81564887152777,35.64516059027777
1616,85678092,首都高速９号深川線,139.81633463541667,35.645345052083336
1617,85678208,首都高速９号深川線,139.78927517361112,35.67875651041667
1618,85678337,首都高速９号深川線,139.79541666666665,35.67431206597223
1619,85678410,首都高速９号深川線,139.79954427083334,35.67308159722222
1620,85678531,首都高速９号深川線,139.804609375,35.669908854166664
1621,85678756,首都高速９号深川線,139.80850694444445,35.658359375
1622,85678781,首都高速９号深川線,139.80926432291668,35.657606336805564
1623,85678950,首都高速９号深川線,139.81196397569445,35.64907769097222
1647,85687458,首都高速中央環状線,139.84562934027778,35.64723307291667
1648,85687475,首都高速中央環状線,139.84622395833333,35.647256944444436
1649,85687564,首都高速中央環状線,139.85055772569444,35.64863064236111
1650,85687645,首都高速中央環状線,139.85428168402777,35.6464453125
1651,85687769,首都高速中央環状線,139.71399088541668,35.749409722222225
1652,85687794,首都高速中央環状線,139.71551649305556,35.74923177083333
1653,85687803,首都高速中央環状線,139.71575303819444,35.749207899305546
1654,85688156,首都高速中央環状線,139.73589409722223,35.749837239583336
1655,85688237,首都高速中央環状線,139.7401953125,35.75235026041667
1656,85688254,首都高速中央環状線,139.74047960069444,35.75246310763889
1657,85688271,首都高速中央環状線,139.74165364583334,35.753231336805555
1658,85688328,首都高速中央環状線,139.74296440972222,35.755991753472216
1659,85688385,首都高速中央環状線,139.74612413194444,35.75738064236111
1660,85688402,首都高速中央環状線,139.74676432291668,35.75764105902777
1661,85688411,首都高速中央環状線,139.74676432291668,35.75764105902777
1662,85688636,首都高速中央環状線,139.759375,35.7648828125
1663,85688669,首都高速中央環状線,139.76120442708333,35.765659722222225
1664,85688750,首都高速中央環状線,139.76484375,35.76290364583333
1665,85688775,首都高速中央環状線,139.76567708333334,35.76224392361111
1666,85688968,首都高速中央環状線,139.77797309027778,35.759457465277784
1667,85688977,首都高速中央環状線,139.77801215277782,35.759461805555546
1668,85689250,首都高速中央環状線,139.7960915798611,35.761922743055564
1669,85689299,首都高速中央環状線,139.79915798611108,35.762000868055566
1670,85689460,首都高速中央環状線,139.80925998263888,35.75959418402777
1671,85689477,首都高速中央環状線,139.80986979166667,35.75931423611111
1672,85689646,首都高速中央環状線,139.81875651041668,35.75403645833333
1673,85689687,首都高速中央環状線,139.82069444444446,35.753233506944454
1674,85689704,首都高速中央環状線,139.82092447916668,35.75245876736111
1675,85689713,首都高速中央環状線,139.82092447916668,35.75234375
1676,85689810,首都高速中央環状線,139.82148003472219,35.74827907986111
1677,85689827,首都高速中央環状線,139.82220486111112,35.74704427083333
1678,85689860,首都高速中央環状線,139.82265625,35.74621527777778
1679,85689949,首都高速中央環状線,139.82544704861112,35.74113498263889
1680,85690006,首都高速中央環状線,139.82703559027777,35.73864800347222
1681,85690151,首都高速中央環状線,139.83303819444444,35.73240234375
1682,85690208,首都高速中央環状線,139.83545789930557,35.73009331597222
1683,85690329,首都高速中央環状線,139.8405078125,35.72520182291667
1684,85690506,首都高速中央環状線,139.84729817708333,35.71753689236111
1685,85690539,首都高速中央環状線,139.84854817708333,35.71634765625
1686,85690652,首都高速中央環状線,139.85342447916668,35.71157118055555
1687,85690832,首都高速中央環状線,139.85901692708333,35.70235677083333
1688,85691053,首都高速中央環状線,139.85874131944445,35.690740017361115
1689,85691174,首都高速中央環状線,139.8555078125,35.68489800347222
1690,85691463,首都高速中央環状線,139.84954210069444,35.669908854166664
1691,85691488,首都高速中央環状線,139.84945095486108,35.668795572916665
1692,85691641,首都高速中央環状線,139.84899305555555,35.660379774305554
1693,85691690,首都高速中央環状線,139.8506640625,35.65805555555556
1694,85691859,首都高速中央環状線,139.85058159722223,35.64907769097222
1695,85702738,首都高速都心環状線,139.76110243055555,35.66150607638889
1696,85702779,首都高速都心環状線,139.762421875,35.66308159722223
1697,85703883,首都高速都心環状線,139.76005859375,35.65991970486111
1698,85703916,首都高速都心環状線,139.760546875,35.660477430555545
1699,85703925,首都高速都心環状線,139.76127821180555,35.661351996527785
1700,85703934,首都高速都心環状線,139.76136284722222,35.66146050347222
1701,85703943,首都高速都心環状線,139.76150607638888,35.66163845486111
1702,85703952,首都高速都心環状線,139.76169053819444,35.661870659722226
1703,85703961,首都高速都心環状線,139.76200954861108,35.66226779513889
1704,85704444,首都高速都心環状線,139.77155381944445,35.67409288194445
1705,85704501,首都高速都心環状線,139.77371961805557,35.676106770833336
1706,85704510,首都高速都心環状線,139.77383463541668,35.6762890625
1707,85705457,首都高速都心環状線,139.76007378472218,35.65468532986111
1708,85705530,首都高速都心環状線,139.75917317708334,35.65091145833333
1709,85705587,首都高速都心環状線,139.7579296875,35.65271701388889
1710,85705695,首都高速１号羽田線,139.76018663194444,35.65418185763889
1711,85705712,首都高速１号羽田線,139.76024956597223,35.653591579861114
1712,85705801,首都高速１号羽田線,139.75846354166666,35.64923828125
1713,85705989,首都高速都心環状線,139.7599587673611,35.660067274305554
1714,85706006,首都高速都心環状線,139.76053819444445,35.66081380208333
1715,85706023,首都高速都心環状線,139.76110243055555,35.66150607638889
1716,85706513,首都高速都心環状線,139.77159939236108,35.674190538194445
1717,85706594,首都高速都心環状線,139.774453125,35.677348090277775
1718,85712269,首都高速都心環状線,139.74926432291667,35.65298177083333
1719,85712665,首都高速都心環状線,139.76750217013893,35.66699869791667
1720,85712929,首都高速都心環状線,139.77053819444444,35.669963107638885
1721,85712946,首都高速都心環状線,139.77050130208335,35.66990668402778
1722,85713078,首都高速都心環状線,139.76963975694446,35.669581163194444
1723,85713095,首都高速都心環状線,139.77013454861108,35.66987630208333
1724,85713220,首都高速都心環状線,139.76543619791667,35.66484157986111
1725,85713269,首都高速都心環状線,139.76776258680556,35.66675998263889
1726,85713271,首都高速都心環状線,139.76777777777778,35.666805555555555
1727,85713377,首都高速都心環状線,139.7497048611111,35.65334201388889
1728,85713386,首都高速都心環状線,139.75014756944444,35.65348958333333
1729,85730341,首都高速都心環状線,139.76286458333334,35.66323567708333
1730,85730350,首都高速都心環状線,139.76253038194446,35.66300998263889
1731,85730375,首都高速都心環状線,139.76175130208333,35.66202473958333
1732,85736711,首都高速９号深川線,139.80850694444445,35.658359375
1733,85736883,首都高速９号深川線,139.80539496527777,35.66624565972222
1734,85736932,首都高速９号深川線,139.80534939236108,35.663784722222225
1735,85755861,首都高速中央環状線,139.84945095486108,35.668795572916665
1736,85755926,首都高速中央環状線,139.84960286458335,35.665546875
1737,85755943,首都高速中央環状線,139.85067274305555,35.665475260416656
1738,85755968,首都高速中央環状線,139.85211371527777,35.665362413194444
1739,85755993,首都高速中央環状線,139.85334201388892,35.664889322916665
1740,85756018,首都高速中央環状線,139.85448567708335,35.66424479166667
1741,85756142,首都高速中央環状線,139.8495876736111,35.668795572916665
1742,85756239,首都高速中央環状線,139.85212890625,35.665453559027775
1743,85756363,首都高速中央環状線,139.85081814236108,35.65047309027778
1744,85756508,首都高速中央環状線,139.8506792534722,35.6582421875
1745,85756557,首都高速中央環状線,139.8490993923611,35.660464409722216
1746,85756710,首都高速中央環状線,139.8495876736111,35.668795572916665
1747,85756735,首都高速中央環状線,139.84966362847223,35.669908854166664
1748,85757024,首都高速中央環状線,139.85561414930555,35.684819878472226
1749,85757145,首都高速中央環状線,139.85887152777778,35.690740017361115
1750,85757347,首都高速中央環状線,139.859375,35.70161458333333
1751,85757546,首都高速中央環状線,139.85358506944445,35.71157118055555
1752,85757659,首都高速中央環状線,139.84864149305557,35.71640842013889
1753,85757692,首都高速中央環状線,139.84738932291665,35.71760199652777
1754,85757869,首都高速中央環状線,139.8405078125,35.72535373263889
1755,85757966,首都高速中央環状線,139.83658637152777,35.729192708333336
1756,85758047,首都高速中央環状線,139.83324435763888,35.73240234375
1757,85758184,首都高速中央環状線,139.82748480902777,35.73826605902778
1758,85758289,首都高速中央環状線,139.82502821180555,35.74212456597222
1759,85758354,首都高速中央環状線,139.82276258680557,35.74627604166667
1760,85758443,首都高速中央環状線,139.82100694444443,35.750933159722216
1761,85758468,首都高速中央環状線,139.82100043402778,35.75191623263889
1762,85758493,首都高速中央環状線,139.82080078125,35.753233506944454
1763,85758550,首都高速中央環状線,139.81743706597223,35.754112413194434
1764,85758695,首都高速中央環状線,139.81004557291666,35.759351128472225
1765,85758712,首都高速中央環状線,139.80925998263888,35.759752604166664
1766,85758881,首都高速中央環状線,139.79826605902778,35.762198350694455
1767,85758898,首都高速中央環状線,139.79725043402777,35.76218315972222
1768,85759179,首都高速中央環状線,139.77833116319445,35.75962022569445
1769,85759188,首都高速中央環状線,139.77801215277782,35.759609375
1770,85759373,首都高速中央環状線,139.76608072916667,35.76214192708333
1771,85759502,首都高速中央環状線,139.75916883680554,35.76486111111111
1772,85759744,首都高速中央環状線,139.74676432291668,35.757706163194435
1773,85759793,首都高速中央環状線,139.74375868055554,35.75665364583333
1774,85759826,首都高速中央環状線,139.74263020833334,35.75563585069445
1775,85759875,首都高速中央環状線,139.74150824652781,35.753231336805555
1776,85759892,首都高速中央環状線,139.74051649305557,35.75259548611111
1777,85759909,首都高速中央環状線,139.74014322916668,35.75243706597223
1778,85759990,首都高速中央環状線,139.73586371527782,35.749874131944445
1779,85760015,首都高速中央環状線,139.73465711805557,35.74908637152778
1780,85760320,首都高速中央環状線,139.71712022569446,35.749129774305565
1781,85760345,首都高速中央環状線,139.71551649305556,35.74928819444445
1794,86225304,首都高速４号新宿線,139.61768229166665,35.6758984375
1795,86225468,首都高速４号新宿線,139.61865017361112,35.67549262152778
1796,86351062,首都高速４号新宿線,139.67792534722219,35.67748263888889
1797,86351226,首都高速４号新宿線,139.67422526041668,35.67656684027778
1798,86351291,首都高速４号新宿線,139.67825303819444,35.67768012152778
1799,86351415,首都高速４号新宿線,139.67930772569446,35.67788845486111
1800,86351440,首都高速４号新宿線,139.68048177083332,35.678346354166656
1801,86351457,首都高速４号新宿線,139.68115234375,35.6786328125
1802,86351514,首都高速４号新宿線,139.68427300347219,35.67998480902778
1803,86351630,首都高速４号新宿線,139.6809765625,35.678671875
1804,86354636,首都高速４号新宿線,139.68198350694445,35.68947482638889
1805,86354685,首都高速４号新宿線,139.68427300347219,35.686961805555555
1806,86354702,首都高速４号新宿線,139.68463975694445,35.686590711805565
1807,86354719,首都高速４号新宿線,139.68501302083334,35.68614800347222
1808,86354800,首都高速４号新宿線,139.68811848958333,35.68247612847223
1809,86354817,首都高速４号新宿線,139.68766059027777,35.681963975694444
1810,86354842,首都高速４号新宿線,139.68675130208334,35.68138454861111
1811,86354966,首都高速中央環状線,139.685859375,35.68096137152778
1812,86355007,首都高速中央環状線,139.68773654513888,35.682237413194436
1813,86355016,首都高速中央環状線,139.68794921875,35.68256293402778
1814,86355097,首都高速中央環状線,139.68494357638892,35.68611762152778
1815,86355114,首都高速中央環状線,139.68456163194443,35.686575520833344
1816,86355123,首都高速中央環状線,139.68427300347219,35.68686631944445
1817,86358555,首都高速４号新宿線,139.69673828125,35.680514322916665
1818,86358596,首都高速４号新宿線,139.69467881944445,35.679735243055546
1819,86358605,首都高速４号新宿線,139.69436631944444,35.679409722222225
1820,86358630,首都高速４号新宿線,139.693984375,35.678515625
1821,86358663,首都高速４号新宿線,139.69319878472223,35.676892361111115
1822,86359291,首都高速中央環状線,139.68763020833333,35.670611979166665
1823,86359340,首都高速中央環状線,139.68769097222219,35.673272569444435
1824,86359357,首都高速中央環状線,139.68772135416665,35.673893229166666
1825,86359489,首都高速４号新宿線,139.68759982638892,35.673266059027775
1826,86359506,首都高速４号新宿線,139.68767578125,35.67388237847222
1827,86359569,首都高速４号新宿線,139.68791232638893,35.67735026041667
1828,86359659,首都高速４号新宿線,139.68835503472224,35.68214626736111
1829,86359775,首都高速中央環状線,139.68791883680555,35.67677517361111
1830,86359792,首都高速中央環状線,139.68782118055555,35.67601345486111
1831,86359833,首都高速中央環状線,139.68776692708335,35.673893229166666
1832,86359842,首都高速中央環状線,139.68776041666666,35.673643663194454
1833,86360006,首都高速中央環状線,139.68773654513888,35.682237413194436
1834,86360023,首都高速中央環状線,139.68831597222223,35.682263454861115
1835,86360119,首都高速中央環状線,139.68795789930556,35.677339409722215
1836,86360184,首都高速中央環状線,139.68780598958332,35.673893229166666
1837,86361413,首都高速４号新宿線,139.71365017361111,35.680381944444434
1838,86361422,首都高速４号新宿線,139.71342230902778,35.68044270833333
1839,86361570,首都高速４号新宿線,139.69680772569444,35.68040798611111
1840,86361619,首都高速４号新宿線,139.69441189236107,35.679333767361115
1841,86361636,首都高速４号新宿線,139.69405381944443,35.67849609375
1842,86361768,首都高速４号新宿線,139.69725694444443,35.68082899305556
1843,86361785,首都高速４号新宿線,139.69818793402777,35.68125217013889
1844,86361909,首都高速４号新宿線,139.71425347222223,35.68069661458333
1845,86361926,首都高速４号新宿線,139.71520833333332,35.68060546875
1846,86361935,首都高速４号新宿線,139.71552083333333,35.68055989583333
1847,86362083,首都高速４号新宿線,139.69245876736107,35.681490885416665
1848,86362156,首都高速４号新宿線,139.69174913194445,35.684871961805555
1849,86362205,首都高速４号新宿線,139.69145833333334,35.687085503472225
1850,86362262,首都高速４号新宿線,139.69123697916666,35.68424262152778
1851,86365634,首都高速４号新宿線,139.68901692708334,35.683016493055554
1852,86371133,首都高速４号新宿線,139.74414279513888,35.68322048611111
1853,86371142,首都高速４号新宿線,139.74404513888888,35.68306857638889
1854,86371183,首都高速４号新宿線,139.74219835069445,35.681588541666656
1855,86371192,首都高速４号新宿線,139.74208333333334,35.68119140625
1856,86371217,首都高速４号新宿線,139.74207682291666,35.679874131944445
1857,86371250,首都高速４号新宿線,139.74065755208332,35.678897569444445
1858,86371267,首都高速４号新宿線,139.74152777777778,35.67905598958333
1859,86371332,首都高速４号新宿線,139.74544704861108,35.67945746527778
1860,86371357,首都高速４号新宿線,139.74676866319444,35.67906032986111
1861,86371391,首都高速４号新宿線,139.7479644097222,35.678181423611115
1862,86371499,首都高速都心環状線,139.74493706597218,35.67195095486111
1863,86371524,首都高速都心環状線,139.74615017361108,35.672311197916656
1864,86371541,首都高速都心環状線,139.74676866319444,35.67276475694445
1865,86371558,首都高速都心環状線,139.74736328125,35.6733203125
1866,86371674,首都高速都心環状線,139.74489800347223,35.67201822916667
1867,86371699,首都高速都心環状線,139.74612630208333,35.67234375
1868,86371716,首都高速都心環状線,139.74676866319444,35.67283203125
1869,86371848,首都高速都心環状線,139.74614149305555,35.679377170138885
1870,86371929,首都高速都心環状線,139.74096137152782,35.678995225694436
1871,86371938,首都高速都心環状線,139.74117621527782,35.679066840277784
1872,86371995,首都高速都心環状線,139.74222005208333,35.68171657986111
1873,86380789,首都高速４号新宿線,139.71879340277778,35.68
1874,86380830,首都高速４号新宿線,139.71680121527777,35.679874131944445
1875,86380938,首都高速４号新宿線,139.720234375,35.678530815972216
1876,86380955,首都高速４号新宿線,139.72015190972223,35.67916232638889
1877,86387272,首都高速中央環状線,139.68257161458334,35.69574435763889
1878,86387305,首都高速中央環状線,139.68231987847219,35.69429036458333
1879,86387314,首都高速中央環状線,139.68225043402776,35.6939453125
1880,86387331,首都高速中央環状線,139.68210503472218,35.693142361111114
1881,86387455,首都高速中央環状線,139.68240234375,35.693858506944444
1882,86387464,首都高速中央環状線,139.68237196180556,35.69398654513889
1883,86387473,首都高速中央環状線,139.68236545138888,35.69428168402778
1884,86387490,首都高速中央環状線,139.68246527777777,35.69476345486111
1885,86414246,首都高速５号池袋線,139.74383029513888,35.70603515625
1886,86414394,首都高速５号池袋線,139.73240234375,35.71016059027778
1887,86414582,首都高速５号池袋線,139.7437912326389,35.70509548611111
1888,86414631,首都高速５号池袋線,139.743203125,35.70741970486111
1889,86414755,首都高速５号池袋線,139.6461306423611,35.81774088541667
1890,86414804,首都高速５号池袋線,139.64771918402778,35.81572048611111
1891,86415061,首都高速５号池袋線,139.64782552083332,35.801831597222225
1892,86415174,首都高速５号池袋線,139.64545355902777,35.79621310763889
1893,86415207,首都高速５号池袋線,139.64491102430554,35.79488932291667
1894,86415496,首都高速５号池袋線,139.65286892361112,35.784535590277784
1895,86415505,首都高速５号池袋線,139.65302083333333,35.784490017361115
1896,86416002,首都高速５号池袋線,139.68328559027782,35.775010850694436
1897,86416019,首都高速５号池袋線,139.68426866319444,35.77472005208333
1898,86416028,首都高速５号池袋線,139.68455946180555,35.774624565972225
1899,86416045,首都高速５号池袋線,139.68521484375,35.77441189236111
1900,86416054,首都高速５号池袋線,139.68557291666667,35.77427300347223
1901,86416063,首都高速５号池袋線,139.68603949652777,35.774060329861115
1902,86416400,首都高速５号池袋線,139.70422526041668,35.76490668402778
1903,86416457,首都高速５号池袋線,139.70536241319445,35.761957465277774
1904,86416562,首都高速５号池袋線,139.70750651041666,35.75654513888889
1905,86416603,首都高速５号池袋線,139.70817057291666,35.754715711805545
1906,86416612,首都高速５号池袋線,139.70818576388888,35.75466796875
1907,86416621,首都高速５号池袋線,139.70827690972223,35.75438368055556
1908,86416630,首都高速５号池袋線,139.7083615451389,35.754110243055564
1909,86416647,首都高速５号池袋線,139.7085894097222,35.753229166666664
1910,86416768,首都高速５号池袋線,139.70830078125,35.74694878472222
1911,86416849,首都高速５号池袋線,139.70763671875,35.74228515625
1912,86416922,首都高速５号池袋線,139.70964409722222,35.739453125
1913,86417043,首都高速５号池袋線,139.71551866319444,35.73508463541667
1914,86417100,首都高速５号池袋線,139.71678385416666,35.73239800347222
1915,86417133,首都高速５号池袋線,139.71685329861108,35.730670572916665
1916,86417182,首都高速５号池袋線,139.71705946180555,35.728014322916664
1917,86417284,首都高速５号池袋線,139.72192708333333,35.72397786458333
1918,86417287,首都高速５号池袋線,139.72201822916668,35.723910590277775
1919,86417328,首都高速５号池袋線,139.72305555555556,35.722176649305545
1920,86417433,首都高速５号池袋線,139.72725911458335,35.717868923611114
1921,86417562,首都高速５号池袋線,139.73045572916666,35.71156901041667
1922,86417803,首都高速５号池袋線,139.74383029513888,35.70603515625
1923,86417884,首都高速５号池袋線,139.74676649305556,35.70300347222222
1924,86418069,首都高速５号池袋線,139.75282335069446,35.69571614583333
1925,86418177,首都高速５号池袋線,139.75495225694445,35.69391059027778
1926,86418234,首都高速５号池袋線,139.75268012152782,35.69574652777778
1927,86418419,首都高速５号池袋線,139.74676649305556,35.702907986111114
1928,86418556,首都高速５号池袋線,139.74190755208335,35.708116319444436
1929,86418701,首都高速５号池袋線,139.73240234375,35.71016059027778
1930,86418742,首都高速５号池袋線,139.73032552083333,35.71156901041667
1931,86418879,首都高速５号池袋線,139.72693142361112,35.718296440972225
1932,86419016,首都高速５号池袋線,139.72193359375,35.72386067708333
1933,86419121,首都高速５号池袋線,139.71700520833335,35.72750651041667
1934,86419194,首都高速５号池袋線,139.71673177083332,35.731239149305566
1935,86419219,首都高速５号池袋線,139.71669270833334,35.73239800347222
1936,86419276,首都高速５号池袋線,139.71551866319444,35.73490017361111
1937,86419397,首都高速５号池袋線,139.70985677083334,35.73917317708333
1938,86419494,首都高速５号池袋線,139.7080881076389,35.74324652777778
1939,86419535,首都高速５号池袋線,139.70817925347222,35.745249565972216
1940,86419584,首都高速５号池袋線,139.70823133680554,35.747686631944454
1941,86419689,首都高速５号池袋線,139.70850694444445,35.753229166666664
1942,86419714,首都高速５号池袋線,139.70824001736108,35.754110243055564
1943,86419739,首都高速５号池袋線,139.70790364583334,35.75504123263889
1944,86419772,首都高速５号池袋線,139.70774305555554,35.75541666666667
1945,86419877,首都高速５号池袋線,139.7052799479167,35.76169704861111
1946,86419974,首都高速５号池袋線,139.7033181423611,35.766436631944444
1947,86420279,首都高速５号池袋線,139.6856814236111,35.774060329861115
1948,86420304,首都高速５号池袋線,139.68426866319444,35.774542100694454
1949,86420313,首都高速５号池袋線,139.68382595486108,35.774685329861114
1950,86420818,首都高速５号池袋線,139.65302083333333,35.78435329861111
1951,86420827,首都高速５号池袋線,139.65263237847222,35.784448784722215
1952,86421116,首都高速５号池袋線,139.64484375,35.79488932291667
1953,86421149,首都高速５号池袋線,139.64539279513892,35.796221788194444
1954,86421270,首都高速５号池袋線,139.64793185763892,35.802432725694445
1955,86421519,首都高速５号池袋線,139.6475954861111,35.81572048611111
1956,86421568,首都高速５号池袋線,139.64606336805556,35.81767795138889
1963,86451286,首都高速中央環状線,139.69251085069445,35.72251085069445
1964,86451335,首都高速中央環状線,139.69437934027778,35.72444010416667
1965,86451352,首都高速中央環状線,139.69465494791666,35.724835069444445
1966,86451361,首都高速中央環状線,139.69481336805555,35.72507595486111
1967,86451485,首都高速中央環状線,139.69653862847218,35.727469618055565
1968,86451494,首都高速中央環状線,139.69628689236112,35.7272265625
1969,86451511,首都高速中央環状線,139.69578993055555,35.72649956597222
1970,86451544,首都高速中央環状線,139.69498914930554,35.725221354166656
1971,86451569,首都高速中央環状線,139.69444010416666,35.72440972222222
1972,86454118,首都高速中央環状線,139.6987890625,35.731875
1973,86454151,首都高速中央環状線,139.69797960069445,35.73024739583333
1974,86474849,首都高速５号池袋線,139.71673177083332,35.731239149305566
1975,86474866,首都高速５号池袋線,139.71669270833334,35.730516493055546
1976,86474915,首都高速５号池袋線,139.71835720486112,35.7287890625
1977,86474932,首都高速５号池袋線,139.7188671875,35.72849392361111
1978,86474949,首都高速５号池袋線,139.71969184027782,35.728153211805555
1979,86474958,首都高速５号池袋線,139.72004991319446,35.72819227430556
1980,86474983,首都高速５号池袋線,139.72088975694444,35.729307725694454
1981,86475016,首都高速５号池袋線,139.71960720486112,35.728213975694445
1982,86475041,首都高速５号池袋線,139.71849392361108,35.72880425347222
1983,86475463,首都高速５号池袋線,139.72725911458335,35.717868923611114
1984,86475480,首都高速５号池袋線,139.72700086805554,35.71861111111111
1985,86475505,首都高速５号池袋線,139.72583984375,35.719370659722216
1986,86475613,首都高速５号池袋線,139.72583984375,35.719370659722216
1987,86475721,首都高速５号池袋線,139.72305555555556,35.722176649305545
1988,86475746,首都高速５号池袋線,139.72293402777777,35.723187934027784
1989,86475870,首都高速５号池袋線,139.71705946180555,35.728014322916664
1990,86475903,首都高速５号池袋線,139.71754774305555,35.729138454861115
1991,86475920,首都高速５号池袋線,139.71833333333333,35.728756510416666
1992,86476036,首都高速５号池袋線,139.72463541666667,35.71944661458333
1993,86476053,首都高速５号池袋線,139.72564887152777,35.719186197916656
1994,86476185,首都高速５号池袋線,139.71700520833335,35.72750651041667
1995,86476202,首都高速５号池袋線,139.71689887152777,35.72796440972222
1996,86476358,首都高速５号池袋線,139.72564887152777,35.719186197916656
1997,86500744,首都高速５号池袋線,139.70790364583334,35.75504123263889
1998,86500785,首都高速５号池袋線,139.70865885416666,35.753229166666664
1999,86500802,首都高速５号池袋線,139.70901041666667,35.75250217013889
2000,86500899,首都高速５号池袋線,139.71399088541668,35.749409722222225
2001,86500948,首都高速５号池袋線,139.71106987847222,35.74970486111111
2002,86501499,首都高速中央環状線,139.70817057291666,35.754715711805545
2003,86501532,首都高速中央環状線,139.70872829861108,35.753229166666664
2004,86501653,首都高速中央環状線,139.71467881944446,35.749385850694445
2005,86502586,首都高速５号池袋線,139.7074609375,35.74083550347222
2006,86502595,首都高速５号池袋線,139.70782118055556,35.74052083333333
2007,86509313,首都高速中央環状線,139.70582899305555,35.740138888888886
2008,86509346,首都高速中央環状線,139.70477647569444,35.73896918402778
2009,86509387,首都高速中央環状線,139.70296875,35.73732204861111
2010,86509899,首都高速５号池袋線,139.70751519097223,35.740536024305555
2011,86523036,首都高速中央環状線,139.71575303819444,35.749207899305546
2012,86523069,首都高速中央環状線,139.71787543402777,35.74902994791667
2013,86523078,首都高速中央環状線,139.71836371527777,35.748988715277775
2014,86523258,首都高速中央環状線,139.71712022569446,35.749129774305565
2015,86524882,首都高速都心環状線,139.77203342013888,35.671564670138885
2016,86524907,首都高速都心環状線,139.77231770833333,35.672541232638885
2017,86524924,首都高速都心環状線,139.77249131944444,35.67311631944445
2018,86525716,首都高速八重洲線,139.76908854166666,35.68068359375
2019,86525725,首都高速八重洲線,139.76901258680556,35.680557725694435
2020,86525734,首都高速八重洲線,139.76888237847223,35.68034722222223
2021,86525751,首都高速八重洲線,139.76848741319444,35.679722222222225
2022,86525859,首都高速八重洲線,139.76799045138893,35.678843315972216
2023,86525868,首都高速八重洲線,139.7680447048611,35.678960503472226
2024,86525885,首都高速八重洲線,139.76837890625,35.679555121527784
2025,86525894,首都高速八重洲線,139.76841796875,35.67960503472222
2026,86525903,首都高速八重洲線,139.76834852430557,35.679782986111114
2027,86525920,首都高速八重洲線,139.76871527777777,35.68040364583333
2028,86525929,首都高速八重洲線,139.76886067708332,35.68060763888889
2029,86525938,首都高速八重洲線,139.76905164930557,35.68066840277777
2030,86525947,首都高速八重洲線,139.76908854166666,35.68068359375
2031,86527346,首都高速都心環状線,139.74919270833334,35.67636067708333
2032,86527363,首都高速都心環状線,139.74884982638892,35.67552734375
2033,86527396,首都高速都心環状線,139.74804904513888,35.67430989583333
2034,86527504,首都高速都心環状線,139.7482400173611,35.67430989583333
2035,86527529,首都高速都心環状線,139.74889539930555,35.67550564236111
2036,86527848,首都高速八重洲線,139.7659765625,35.6890234375
2037,86527897,首都高速八重洲線,139.76868489583333,35.687625868055555
2038,86527906,首都高速八重洲線,139.76876085069443,35.68752387152778
2039,86527995,首都高速八重洲線,139.77093532986112,35.683374565972215
2040,86528036,首都高速八重洲線,139.76974609375,35.68138020833333
2041,86528085,首都高速八重洲線,139.76829644097222,35.679066840277784
2042,86528094,首都高速八重洲線,139.76807508680557,35.678721788194444
2043,86528151,首都高速八重洲線,139.76622829861108,35.676295572916665
2044,86528192,首都高速八重洲線,139.76506944444444,35.674676649305546
2045,86528756,首都高速都心環状線,139.77586371527778,35.67953559027778
2046,86528888,首都高速都心環状線,139.77222439236112,35.67197265625
2047,86528929,首都高速都心環状線,139.77366753472222,35.670538194444454
2048,86529343,首都高速都心環状線,139.77073784722222,35.67026258680556
2049,86529483,首都高速都心環状線,139.77439887152778,35.678155381944435
2050,86529492,首都高速都心環状線,139.77452039930554,35.67822699652777
2051,86529501,首都高速都心環状線,139.77493272569444,35.678350694444454
2052,86529757,首都高速八重洲線,139.76889973958333,35.67985894097223
2053,86529766,首都高速八重洲線,139.76912760416667,35.68000217013889
2054,86529807,首都高速八重洲線,139.77133246527777,35.679377170138885
2055,86529816,首都高速八重洲線,139.77137803819446,35.679448784722226
2056,86529849,首都高速八重洲線,139.76955512152782,35.68029296875
2057,86529858,首都高速八重洲線,139.76939453125,35.68047092013889
2058,86529867,首都高速八重洲線,139.76938585069445,35.680611979166656
2059,86529983,首都高速八重洲線,139.76829644097222,35.679066840277784
2060,86530008,首都高速八重洲線,139.76889973958333,35.67985894097223
2061,86530124,首都高速都心環状線,139.77690972222223,35.68426432291667
2062,86530141,首都高速都心環状線,139.77774088541668,35.68442274305556
2063,86530150,首都高速都心環状線,139.77801432291668,35.68442274305556
2064,86530159,首都高速都心環状線,139.77825086805555,35.684351128472215
2065,86530176,首都高速都心環状線,139.77908203125,35.68391276041667
2066,86530241,首都高速都心環状線,139.78096788194443,35.680887586805554
2067,86530330,首都高速都心環状線,139.77801432291668,35.683003472222225
2068,86530339,首都高速都心環状線,139.77789279513888,35.6828515625
2069,86530463,首都高速都心環状線,139.77240017361112,35.67318793402778
2070,86530603,首都高速６号向島線,139.77523003472223,35.684112413194434
2071,86530636,首都高速６号向島線,139.77737413194444,35.684529079861115
2072,86530653,首都高速６号向島線,139.77801432291668,35.68454861111111
2073,86530678,首都高速６号向島線,139.77914496527777,35.683975694444435
2074,86530735,首都高速６号向島線,139.78070095486112,35.681299913194444
2075,86530816,首都高速６号向島線,139.77801432291668,35.683170572916666
2076,86530924,首都高速八重洲線,139.76471788194445,35.67436197916667
2077,86530941,首都高速八重洲線,139.7651150173611,35.675130208333336
2078,86530974,首都高速八重洲線,139.76637369791666,35.676553819444436
2079,86531023,首都高速八重洲線,139.76799045138893,35.678843315972216
2080,86531080,首都高速八重洲線,139.76965277777776,35.68142578125
2081,86531121,首都高速八重洲線,139.77070746527778,35.68314453125
2082,86531154,首都高速八重洲線,139.7709743923611,35.68442274305556
2083,86531179,首都高速八重洲線,139.76997395833334,35.68579427083333
2084,86531220,首都高速八重洲線,139.76870008680555,35.68747395833333
2085,86531237,首都高速八重洲線,139.76860894097223,35.68759114583333
2086,86531246,首都高速八重洲線,139.76811197916666,35.688205295138886
2087,86531378,首都高速八重洲線,139.76807508680557,35.678721788194444
2088,86531419,首都高速八重洲線,139.76665581597223,35.67730685763889
2089,86545299,首都高速都心環状線,139.74877387152782,35.68930772569445
2090,86545316,首都高速都心環状線,139.74974175347222,35.689144965277784
2091,86545325,首都高速都心環状線,139.75015407986112,35.68910590277777
2092,86545342,首都高速都心環状線,139.75077907986108,35.68916232638889
2093,86545359,首都高速都心環状線,139.75143663194444,35.68947699652778
2094,86545798,首都高速都心環状線,139.75483072916666,35.690926649305545
2095,86545807,首都高速都心環状線,139.75441840277782,35.690737847222216
2096,86545939,首都高速１号上野線,139.77745876736108,35.68463107638889
2097,86545980,首都高速１号上野線,139.77674045138892,35.68660807291667
2098,86546096,首都高速都心環状線,139.74918619791666,35.689375
2099,86546113,首都高速都心環状線,139.74981119791667,35.689385850694435
2100,86546130,首都高速都心環状線,139.750703125,35.68945529513889
2101,86546147,首都高速都心環状線,139.75157335069446,35.6897265625
2102,86546255,首都高速都心環状線,139.76213975694444,35.690416666666664
2103,86546296,首都高速都心環状線,139.76386284722219,35.68928385416667
2104,86546404,首都高速都心環状線,139.76250434027781,35.69040798611111
2105,86546544,首都高速都心環状線,139.76648003472224,35.68896918402777
2106,86546577,首都高速都心環状線,139.76461805555556,35.689411892361115
2107,86546685,首都高速都心環状線,139.77131727430555,35.68476345486111
2108,86546710,首都高速都心環状線,139.77259114583333,35.68439670138889
2109,86546976,首都高速都心環状線,139.77681640625,35.68358723958333
2110,86546985,首都高速都心環状線,139.77663411458335,35.68379123263889
2111,86547125,首都高速都心環状線,139.77472005208332,35.68410590277778
2112,86547265,首都高速都心環状線,139.76425130208332,35.68906467013889
2113,86547405,首都高速１号上野線,139.77665581597222,35.68633029513889
2114,86547545,首都高速１号上野線,139.77536675347218,35.690279947916665
2115,86547562,首都高速１号上野線,139.77516059027778,35.690737847222216
2116,86547587,首都高速１号上野線,139.77481770833333,35.691744791666665
2117,86547711,首都高速都心環状線,139.77393446180557,35.684029947916656
2118,86547752,首都高速都心環状線,139.77171440972222,35.684442274305546
2119,86547761,首都高速都心環状線,139.77146918402778,35.684268663194445
2120,86551250,首都高速５号池袋線,139.7603927951389,35.691124131944434
2121,86551259,首都高速５号池袋線,139.76011067708333,35.69116536458333
2122,86551308,首都高速５号池袋線,139.75724826388893,35.69199435763889
2123,86551317,首都高速５号池袋線,139.75637152777782,35.69287326388889
2124,86551326,首都高速５号池袋線,139.75628689236112,35.69295572916667
2125,86551375,首都高速５号池袋線,139.75495225694445,35.69391059027778
2126,86551384,首都高速５号池袋線,139.75532552083334,35.693754340277785
2127,86551433,首都高速５号池袋線,139.75560112847222,35.691532118055555
2128,86551466,首都高速５号池袋線,139.75391493055557,35.690783420138885
2129,86551475,首都高速５号池袋線,139.75381510416668,35.690737847222216
2130,86551591,首都高速都心環状線,139.76084201388892,35.691180555555555
2131,86551624,首都高速都心環状線,139.75772135416668,35.69172526041667
2132,86551689,首都高速都心環状線,139.75595920138892,35.69345920138889
2133,86551746,首都高速都心環状線,139.75308376736112,35.695125868055555
2134,86551755,首都高速都心環状線,139.75288628472222,35.69547309027778
2135,86551796,首都高速都心環状線,139.75475477430555,35.694053819444434
2136,86551852,首都高速都心環状線,139.75584635416666,35.69165364583333
2137,86551885,首都高速都心環状線,139.75420572916667,35.690737847222216
2138,86558056,首都高速９号深川線,139.78697916666667,35.68146701388889
2139,86558137,首都高速９号深川線,139.79017578125,35.67852864583333
2140,86558186,首都高速９号深川線,139.78784071180556,35.679835069444444
2141,86558203,首都高速９号深川線,139.78725260416667,35.68058810763889
2142,86558244,首都高速９号深川線,139.78797743055554,35.68223958333333
2143,86560626,首都高速６号向島線,139.78697916666667,35.68146701388889
2144,86560659,首都高速６号向島線,139.78876302083333,35.682317708333336
2145,86560775,首都高速９号深川線,139.80146701388892,35.672823350694436
2146,86560832,首都高速９号深川線,139.80496744791665,35.67219184027777
2147,86560857,首都高速９号深川線,139.80628038194445,35.67197916666667
2148,86560882,首都高速９号深川線,139.80495225694446,35.672078993055564
2149,86560891,首都高速９号深川線,139.80455512152778,35.67213541666667
2150,86561071,首都高速９号深川線,139.79541666666665,35.67431206597223
2151,86561235,首都高速６号向島線,139.78932725694446,35.683253038194444
2152,86561308,首都高速６号向島線,139.78759765625,35.67991753472222
2153,86561357,首都高速６号向島線,139.78927517361112,35.67875651041667
2154,86561422,首都高速６号向島線,139.78613932291665,35.681117621527775
2155,86561431,首都高速６号向島線,139.78604817708333,35.68113715277778
2156,86561440,首都高速６号向島線,139.78586588541665,35.681477864583336
2157,86561564,首都高速６号向島線,139.78586588541665,35.681477864583336
2158,86561605,首都高速６号向島線,139.78356119791667,35.680338541666664
2159,86561622,首都高速６号向島線,139.78307942708332,35.679997829861115
2160,86561770,首都高速６号向島線,139.78616319444444,35.68157986111111
2161,86561795,首都高速６号向島線,139.78708550347218,35.682094184027775
2162,86561804,首都高速６号向島線,139.78728298611108,35.68217447916667
2163,86561821,首都高速６号向島線,139.78811631944444,35.68258029513889
2164,86561830,首都高速６号向島線,139.78838324652781,35.682719184027775
2165,86561839,首都高速６号向島線,139.78880859375,35.682821180555564
2166,86561848,首都高速６号向島線,139.78897786458333,35.682682291666666
2167,86561857,首都高速６号向島線,139.788984375,35.68263671875
2168,86561868,首都高速６号向島線,139.788671875,35.68235677083333
2169,86561874,首都高速６号向島線,139.78851996527777,35.68228081597222
2170,86561883,首都高速６号向島線,139.78831380208334,35.68218967013889
2171,86562031,首都高速６号向島線,139.78613932291665,35.681117621527775
2172,86562048,首都高速６号向島線,139.78697916666667,35.68146701388889
2173,86562172,首都高速９号深川線,139.79748480902776,35.673589409722226
2174,86562205,首都高速９号深川線,139.79557725694445,35.674327256944444
2175,86562254,首都高速９号深川線,139.79455512152776,35.676590711805545
2176,86562386,首都高速９号深川線,139.78784071180556,35.679835069444444
2177,86562427,首都高速９号深川線,139.78634548611112,35.68124348958333
2178,86562492,首都高速９号深川線,139.78231770833332,35.680145399305566
2179,86562533,首都高速９号深川線,139.78446831597222,35.68077690972222
2180,86562665,首都高速６号向島線,139.78401909722223,35.68045572916667
2181,86562714,首都高速６号向島線,139.78683376736112,35.680792100694454
2182,86562822,首都高速６号向島線,139.788984375,35.68263671875
2183,86562831,首都高速６号向島線,139.78894748263892,35.6823828125
2184,86562939,首都高速６号向島線,139.78096788194443,35.680887586805554
2185,86562996,首都高速６号向島線,139.78401909722223,35.68045572916667
2186,86563029,首都高速６号向島線,139.78576605902776,35.68126953125
2187,86563086,首都高速６号向島線,139.78882378472218,35.68276909722222
2188,86563151,首都高速６号向島線,139.79176866319446,35.685006510416656
2189,86563224,首都高速６号向島線,139.79004557291665,35.688135850694444
2190,86563281,首都高速６号向島線,139.78945095486108,35.690737847222216
2191,86563314,首都高速６号向島線,139.78983940972222,35.691842447916656
2192,86563547,首都高速６号向島線,139.79578993055554,35.703884548611114
2193,86563580,首都高速６号向島線,139.79687282986112,35.705431857638885
2194,86563645,首都高速６号向島線,139.79873263888888,35.708548177083344
2195,86563718,首都高速６号向島線,139.80173828125,35.71157118055555
2196,86563895,首都高速６号向島線,139.80913845486108,35.719194878472216
2197,86563904,首都高速６号向島線,139.80925998263888,35.719615885416665
2198,86564001,首都高速６号向島線,139.81054253472223,35.72475260416667
2199,86564130,首都高速６号向島線,139.81184678819446,35.73154296875
2200,86564155,首都高速６号向島線,139.812265625,35.73240234375
2201,86564308,首都高速６号向島線,139.81590494791666,35.73989800347222
2202,86564504,首都高速６号向島線,139.82081814236108,35.74331597222222
2203,86564633,首都高速６号向島線,139.81566840277782,35.73972439236111
2204,86564714,首都高速６号向島線,139.81483723958334,35.735575086805554
2205,86564779,首都高速６号向島線,139.81233506944446,35.73279730902778
2206,86564788,首都高速６号向島線,139.81211371527777,35.73240234375
2207,86564957,首都高速６号向島線,139.81012369791668,35.723272569444454
2208,86564998,首都高速６号向島線,139.80963541666668,35.72139105902778
2209,86565031,首都高速６号向島線,139.80925998263888,35.719976128472226
2210,86565224,首都高速６号向島線,139.80157118055556,35.71157118055555
2211,86565369,首都高速６号向島線,139.79646050347222,35.7050390625
2212,86565658,首都高速６号向島線,139.78904513888892,35.690737847222216
2213,86565675,首都高速６号向島線,139.78869574652776,35.690266927083336
2214,86565788,首都高速６号向島線,139.7917990451389,35.685190972222216
2215,86565845,首都高速６号向島線,139.78932725694446,35.683253038194444
2216,86565902,首都高速６号向島線,139.78616319444444,35.68157986111111
2217,86565967,首都高速６号向島線,139.78231770833332,35.680145399305566
2218,86574291,首都高速７号小松川線,139.78869574652776,35.690266927083336
2219,86574308,首都高速７号小松川線,139.78909939236112,35.69068793402778
2220,86574317,首都高速７号小松川線,139.78916883680554,35.690737847222216
2221,86574622,首都高速７号小松川線,139.80926215277782,35.69286024305556
2222,86574671,首都高速７号小松川線,139.81205295138892,35.692966579861114
2223,86574784,首都高速７号小松川線,139.81961371527777,35.69334418402778
2224,86575089,首都高速７号小松川線,139.84050998263888,35.69435546875
2225,86575314,首都高速７号小松川線,139.85427951388888,35.69838541666667
2226,86575425,首都高速７号小松川線,139.86208333333335,35.69910590277778
2227,86575435,首都高速７号小松川線,139.86329644097222,35.699229600694444
2228,86575572,首都高速７号小松川線,139.87175564236108,35.69884765625
2229,86575677,首都高速７号小松川線,139.87824001736112,35.697504340277774
2230,86575774,首都高速７号小松川線,139.88470269097223,35.697469618055564
2231,86576160,首都高速６号向島線,139.78993923611108,35.68366536458333
2232,86576292,首都高速６号向島線,139.78811631944444,35.68258029513889
2233,86576448,首都高速６号向島線,139.79176866319446,35.685006510416656
2234,86576465,首都高速６号向島線,139.7913650173611,35.684605034722225
2235,86576621,首都高速６号向島線,139.7917990451389,35.685190972222216
2236,86583968,首都高速７号小松川線,139.89788411458332,35.70143229166667
2237,86584289,首都高速７号小松川線,139.87824001736112,35.69737847222222
2238,86584394,首都高速７号小松川線,139.87175564236108,35.69876736111111
2239,86584490,首都高速７号小松川線,139.86514322916668,35.699090711805546
2240,86584531,首都高速７号小松川線,139.86211371527781,35.698984375
2241,86584652,首都高速７号小松川線,139.85427951388888,35.69830295138889
2242,86584877,首都高速７号小松川線,139.84050998263888,35.69427517361111
2243,86585198,首都高速７号小松川線,139.81869791666668,35.69321180555556
2244,86585295,首都高速７号小松川線,139.81207682291668,35.69287543402777
2245,86585336,首都高速７号小松川線,139.8094140625,35.692747395833344
2246,86585345,首都高速７号小松川線,139.80926215277782,35.692743055555546
2247,86585634,首都高速７号小松川線,139.79180772569444,35.691822916666666
2248,86585651,首都高速７号小松川線,139.7893359375,35.690737847222216
2249,86601232,首都高速中央環状線,139.85771918402781,35.688563368055554
2250,86601412,首都高速中央環状線,139.85561414930555,35.684819878472226
2251,86601469,首都高速中央環状線,139.85744574652782,35.68744574652778
2252,86607375,首都高速１号上野線,139.77523003472223,35.695299479166664
2253,86607424,首都高速１号上野線,139.77494791666666,35.693038194444455
2254,86607540,首都高速１号上野線,139.776328125,35.70878255208333
2255,86607688,首都高速５号池袋線,139.75268012152782,35.69574652777778
2256,86607828,首都高速１号上野線,139.77661024305556,35.70980034722222
2257,86607845,首都高速１号上野線,139.7764496527778,35.709092881944436
2258,86607985,首都高速５号池袋線,139.75282335069446,35.69571614583333
2259,86608002,首都高速５号池袋線,139.75274088541667,35.696506076388886
2260,86608134,首都高速５号池袋線,139.7588671875,35.69089626736111
2261,86608143,首都高速５号池袋線,139.75854600694444,35.690967881944445
2262,86608275,首都高速５号池袋線,139.75595920138892,35.69345920138889
2263,86633228,首都高速６号向島線,139.79750434027778,35.706469184027775
2264,86633269,首都高速６号向島線,139.79643663194446,35.70458767361111
2265,86633278,首都高速６号向島線,139.79626953125,35.704466145833344
2266,86633394,首都高速６号向島線,139.79646050347222,35.7050390625
2267,86633550,首都高速６号向島線,139.79626953125,35.704466145833344
2268,86633567,首都高速６号向島線,139.79663628472218,35.70493923611111
2269,86654294,首都高速７号小松川線,139.81961371527777,35.69334418402778
2270,86654327,首都高速７号小松川線,139.81794270833333,35.693318142361115
2271,86654368,首都高速７号小松川線,139.81525824652778,35.693170572916664
2272,86654516,首都高速７号小松川線,139.81869791666668,35.69321180555556
2273,86654533,首都高速７号小松川線,139.81782986111108,35.69309895833333
2274,86654558,首都高速７号小松川線,139.81664713541667,35.69304253472223
2275,86654575,首都高速７号小松川線,139.81601345486112,35.69306423611111
2276,86654691,首都高速７号小松川線,139.81664713541667,35.69304253472223
2277,86654708,首都高速７号小松川線,139.81601996527777,35.69301215277777
2278,86654725,首都高速７号小松川線,139.81528862847222,35.692977430555565
2279,86668358,首都高速７号小松川線,139.86329644097222,35.699229600694444
2280,86668523,首都高速７号小松川線,139.86211371527781,35.698984375
2281,86668548,首都高速７号小松川線,139.86379991319444,35.69915364583333
2282,86695085,首都高速６号向島線,139.80963541666668,35.72139105902778
2283,86695110,首都高速６号向島線,139.80925998263888,35.720225694444444
2284,86695143,首都高速６号向島線,139.80882595486108,35.71869140625
2285,86695251,首都高速６号向島線,139.80913845486108,35.719194878472216
2286,86695260,首都高速６号向島線,139.80925998263888,35.71946831597222
2287,86695301,首都高速６号向島線,139.80980251736108,35.721323784722216
2288,86695326,首都高速６号向島線,139.81107638888892,35.721410590277785
2289,86711084,首都高速中央環状線,139.83658637152777,35.729192708333336
2290,86711125,首都高速中央環状線,139.83519748263888,35.73063802083333
2291,86711158,首都高速中央環状線,139.83403862847223,35.73173177083333
2292,86711175,首都高速中央環状線,139.83338975694446,35.732371961805555
2293,86711184,首都高速中央環状線,139.833359375,35.73240234375
2294,86711308,首都高速中央環状線,139.83545789930557,35.73009331597222
2295,86711365,首都高速中央環状線,139.83313151041668,35.73240234375
2296,86711489,首都高速６号向島線,139.81184678819446,35.73154296875
2297,86711514,首都高速６号向島線,139.81231987847218,35.73240234375
2298,86711563,首都高速６号向島線,139.81434027777777,35.73449652777778
2299,86711588,首都高速６号向島線,139.81504991319446,35.73547309027778
2300,86711776,首都高速６号向島線,139.81261067708334,35.72340928819445
2301,86711932,首都高速６号向島線,139.81286892361112,35.72623263888889
2302,86711965,首都高速６号向島線,139.81083984375,35.72639105902777
2303,86727227,首都高速中央環状線,139.84738932291665,35.71760199652777
2304,86727399,首都高速中央環状線,139.84729817708333,35.71753689236111
2305,86727456,首都高速中央環状線,139.84973958333333,35.71511067708333
2306,86763367,首都高速６号向島線,139.81233506944446,35.73279730902778
2307,86763432,首都高速６号向島線,139.81492838541666,35.73553385416667
2308,86763465,首都高速６号向島線,139.81553819444446,35.736881510416666
2309,86763621,首都高速中央環状線,139.82534939236112,35.75062934027777
2310,86763678,首都高速中央環状線,139.82205295138888,35.751996527777784
2311,86763810,首都高速中央環状線,139.82703559027777,35.73864800347222
2312,86763883,首都高速中央環状線,139.82997178819446,35.735392795138885
2313,86764007,首都高速中央環状線,139.82748480902777,35.73826605902778
2314,86764080,首都高速中央環状線,139.83049913194444,35.73507595486111
2315,86764188,首都高速中央環状線,139.82115234375,35.751391059027775
2316,86764220,首都高速中央環状線,139.82099175347219,35.74980034722222
2317,86764368,首都高速中央環状線,139.82265625,35.74621527777778
2318,86764417,首都高速中央環状線,139.82081814236108,35.74331597222222
2319,86764426,首都高速中央環状線,139.82208333333332,35.743747829861114
2320,86764467,首都高速中央環状線,139.82437282986112,35.74322482638889
2321,86764575,首都高速６号向島線,139.82544704861112,35.74113498263889
2322,86764680,首都高速６号向島線,139.82048177083334,35.743111979166656
2323,86764860,首都高速中央環状線,139.81875651041668,35.75403645833333
2324,86764869,首都高速中央環状線,139.8192534722222,35.754112413194434
2325,86764918,首都高速中央環状線,139.82057291666666,35.75677300347222
2326,86764967,首都高速中央環状線,139.82106119791666,35.753233506944454
2327,86765091,首都高速６号三郷線,139.82092447916668,35.75245876736111
2328,86765108,首都高速６号三郷線,139.82096137152777,35.753233506944454
2329,86765189,首都高速６号三郷線,139.82037326388888,35.757337239583336
2330,86765230,首都高速６号三郷線,139.82064236111108,35.75533203125
2331,86765279,首都高速６号三郷線,139.8183376736111,35.754112413194434
2346,86839963,首都高速７号小松川線,139.87824001736112,35.69737847222222
2347,86840119,首都高速７号小松川線,139.88195529513888,35.69754557291667
2348,87493736,首都高速５号池袋線,139.68521484375,35.77441189236111
2349,87493753,首都高速５号池袋線,139.68520833333332,35.774060329861115
2350,87493770,首都高速５号池袋線,139.68509331597218,35.774034288194436
2351,87493779,首都高速５号池袋線,139.68505425347223,35.774060329861115
2352,87493788,首都高速５号池袋線,139.68483289930555,35.77425347222222
2353,87496779,首都高速５号池袋線,139.70818576388888,35.75466796875
2354,87496812,首都高速５号池袋線,139.70763671875,35.75601128472222
2355,87496837,首都高速５号池袋線,139.70715711805556,35.757222222222225
2356,87497190,首都高速５号池袋線,139.7033181423611,35.766436631944444
2357,87497215,首都高速５号池袋線,139.70390625,35.76554253472222
2358,87497387,首都高速５号池袋線,139.70774305555554,35.75541666666667
2359,87497412,首都高速５号池袋線,139.70703342013888,35.75738498263889
2360,87497536,首都高速５号池袋線,139.70422526041668,35.76490668402778
2361,87497553,首都高速５号池袋線,139.70443142361108,35.76419921875
2362,87513836,首都高速中央環状線,139.74375868055554,35.75665364583333
2363,87513893,首都高速中央環状線,139.74099826388888,35.756475694444454
2364,87514057,首都高速中央環状線,139.74612413194444,35.75738064236111
2365,87514154,首都高速中央環状線,139.74092881944443,35.756453993055565
2366,87540950,首都高速５号池袋線,139.65286892361112,35.784535590277784
2367,87540983,首都高速５号池袋線,139.65087022569443,35.785028211805546
2368,87541139,首都高速５号池袋線,139.64579644097222,35.785833333333336
2369,87550638,首都高速５号池袋線,139.68382595486108,35.774685329861114
2370,87562493,首都高速川口線,139.73464626736111,35.84939670138889
2371,87562622,首都高速川口線,139.74228949652777,35.846293402777775
2372,87562695,首都高速川口線,139.74675998263888,35.845078125
2373,87562896,首都高速川口線,139.75530598958332,35.836553819444454
2374,87562905,首都高速川口線,139.75530598958332,35.836553819444454
2375,87562994,首都高速川口線,139.75661892361111,35.83204861111111
2376,87563099,首都高速川口線,139.75866970486112,35.8268359375
2377,87563132,首都高速川口線,139.75917317708334,35.82548394097222
2378,87563309,首都高速川口線,139.75965494791666,35.81572482638889
2379,87563318,首都高速川口線,139.75964626736112,35.815546875
2380,87563407,首都高速川口線,139.75876953125,35.810785590277774
2381,87563704,首都高速川口線,139.7598459201389,35.794893663194436
2382,87563769,首都高速川口線,139.75719835069444,35.792172309027784
2383,87563970,首都高速川口線,139.74741102430556,35.78496527777778
2384,87563979,首都高速川口線,139.74731336805556,35.78486328125
2385,87563996,首都高速川口線,139.74676432291668,35.78415581597222
2386,87564099,首都高速川口線,139.74607638888892,35.778760850694454
2387,87564117,首都高速川口線,139.74676432291668,35.778038194444434
2388,87564238,首都高速川口線,139.75297309027778,35.7741796875
2389,87564247,首都高速川口線,139.75321831597222,35.7740625
2390,87564376,首都高速川口線,139.76043402777782,35.77050130208333
2391,87564516,首都高速川口線,139.74661024305556,35.777875434027784
2392,87564541,首都高速川口線,139.7459548611111,35.77902126736111
2393,87564582,首都高速川口線,139.74537543402778,35.78077907986111
2394,87564591,首都高速川口線,139.74536024305556,35.78099392361111
2395,87564656,首都高速川口線,139.74676432291668,35.78403428819445
2396,87564665,首都高速川口線,139.74680121527777,35.78409505208333
2397,87564781,首都高速川口線,139.7459548611111,35.77902126736111
2398,87564897,首都高速川口線,139.73545572916666,35.84867838541667
2399,87564994,首都高速川口線,139.74097005208333,35.84671657986111
2400,87565003,首都高速川口線,139.74146701388892,35.84659288194445
2401,87565012,首都高速川口線,139.7416796875,35.84654296875
2402,87565053,首都高速川口線,139.74418185763892,35.84591796875
2403,87565094,首都高速川口線,139.74675998263888,35.845180121527775
2404,87565303,首都高速川口線,139.75544270833333,35.836553819444454
2405,87565424,首都高速川口線,139.75751085069444,35.83024956597223
2406,87565473,首都高速川口線,139.75843315972222,35.82800564236111
2407,87565546,首都高速川口線,139.75970703125,35.824518229166664
2408,87565707,首都高速川口線,139.75986111111112,35.81572482638889
2409,87565772,首都高速川口線,139.75927300347223,35.81227647569445
2410,87565845,首都高速川口線,139.75884548611108,35.80857421875
2411,87566102,首都高速川口線,139.76014322916666,35.794893663194436
2412,87566207,首都高速川口線,139.75584201388892,35.7905859375
2413,87566216,首都高速川口線,139.7556575520833,35.79040798611111
2414,87566401,首都高速川口線,139.74676432291668,35.78386284722223
2415,87566514,首都高速川口線,139.74676432291668,35.77821614583333
2416,87566635,首都高速川口線,139.75297309027778,35.77432725694445
2417,87566652,首都高速川口線,139.75352213541666,35.7740625
2418,87566773,首都高速川口線,139.76041883680554,35.77064453125
2419,87578865,首都高速５号池袋線,139.648984375,35.804552951388885
2420,87579395,首都高速５号池袋線,139.64793185763892,35.802432725694445
2421,87637209,首都高速５号池袋線,139.64870225694446,35.826046006944445
2422,87637276,首都高速５号池袋線,139.64501736111112,35.824184027777775
2423,87637322,首都高速５号池袋線,139.64253689236108,35.82296875
2424,87637331,首都高速５号池袋線,139.64234809027778,35.82287543402778
2425,87637348,首都高速５号池袋線,139.64214192708334,35.822413194444444
2426,87637365,首都高速５号池袋線,139.6425390625,35.82195095486111
2427,87637462,首都高速５号池袋線,139.6461306423611,35.81774088541667
2428,87637583,首都高速５号池袋線,139.64143880208334,35.823170572916666
2471,87655962,首都高速５号池袋線,139.6417361111111,35.822673611111114
2472,87655979,首都高速５号池袋線,139.64094401041666,35.82232638888889
2473,87655988,首都高速５号池袋線,139.6407595486111,35.822235243055566
2474,87656947,首都高速５号池袋線,139.6425390625,35.82195095486111
2475,87656988,首都高速５号池袋線,139.64400173611108,35.82034939236111
2476,87657120,首都高速５号池袋線,139.64400173611108,35.82034939236111
2479,87657773,首都高速５号池袋線,139.64185980902778,35.82272786458333
2480,87657782,首都高速５号池袋線,139.64188151041665,35.82269748263889
2481,87657791,首都高速５号池袋線,139.64191189236112,35.82266276041667
2482,87657899,首都高速５号池袋線,139.6417361111111,35.822673611111114
2483,87657908,首都高速５号池袋線,139.6418359375,35.822673611111114
2484,87704546,首都高速中央環状線,139.759375,35.7648828125
2485,87704643,首都高速中央環状線,139.76176215277778,35.768936631944435
2486,87704660,首都高速中央環状線,139.76208984375,35.76818359375
2487,87704701,首都高速中央環状線,139.76289930555555,35.766208767361114
2488,87704726,首都高速中央環状線,139.76332682291667,35.76519748263889
2489,87704791,首都高速中央環状線,139.76558376736108,35.76249782986111
2490,87704907,首都高速川口線,139.75916883680554,35.76486111111111
2491,87704996,首都高速川口線,139.76161024305554,35.76890625
2492,87705005,首都高速川口線,139.7618012152778,35.768502604166656
2493,87705054,首都高速川口線,139.76280815972223,35.766124131944444
2494,87705079,首都高速川口線,139.76334201388892,35.76484592013889
2495,87705112,首都高速中央環状線,139.76430989583332,35.763402777777785
2496,87705228,首都高速中央環状線,139.77833116319445,35.75962022569445
2497,87705237,首都高速中央環状線,139.77801215277782,35.75963541666667
2498,87705270,首都高速中央環状線,139.77611328125,35.75963541666667
2499,87705442,首都高速中央環状線,139.76558376736108,35.76249782986111
2500,87705622,首都高速中央環状線,139.77797309027778,35.759457465277784
2501,87705703,首都高速中央環状線,139.77270182291667,35.75972005208333
2502,87705819,首都高速中央環状線,139.76430989583332,35.763402777777785
2503,87705868,首都高速中央環状線,139.76634765625,35.76185546875
2504,87705925,首都高速中央環状線,139.76948350694445,35.760438368055546
2505,87706041,首都高速中央環状線,139.77270182291667,35.75972005208333
2506,87706149,首都高速中央環状線,139.76948350694445,35.760438368055546
2507,87714100,首都高速中央環状線,139.81004557291666,35.759351128472225
2508,87714117,首都高速中央環状線,139.80925998263888,35.759809027777784
2509,87714134,首都高速中央環状線,139.80858723958335,35.760128038194445
2510,87714290,首都高速中央環状線,139.79725043402777,35.76218315972222
2511,87714470,首都高速中央環状線,139.80496310763888,35.761221788194455
2512,87714503,首都高速中央環状線,139.80652777777777,35.760729166666664
2513,87714552,首都高速中央環状線,139.80925998263888,35.75966579861111
2514,87714668,首都高速中央環状線,139.7960915798611,35.761922743055564
2515,87714709,首都高速中央環状線,139.79837239583333,35.76207682291667
2516,87714750,首都高速中央環状線,139.80073784722222,35.761959635416666
2517,87714882,首都高速中央環状線,139.80178385416667,35.761690538194436
2518,87714998,首都高速中央環状線,139.80652777777777,35.760729166666664
2519,87729682,首都高速６号三郷線,139.82037326388888,35.757337239583336
2520,87729939,首都高速６号三郷線,139.82273003472218,35.771128472222216
2521,87729996,首都高速６号三郷線,139.82356987847223,35.77406467013889
2522,87730045,首都高速６号三郷線,139.82389105902777,35.77523871527778
2523,87730078,首都高速６号三郷線,139.82471354166665,35.777964409722216
2524,87730135,首都高速６号三郷線,139.82528645833332,35.78071614583333
2525,87730400,首都高速６号三郷線,139.82752821180554,35.79489583333333
2526,87730481,首都高速６号三郷線,139.82748263888888,35.79909505208333
2527,87730690,首都高速６号三郷線,139.83708767361108,35.80706597222222
2528,87730755,首都高速６号三郷線,139.84050347222222,35.80923177083333
2529,87730812,首都高速６号三郷線,139.8429079861111,35.81115451388889
2530,87730917,首都高速６号三郷線,139.8468359375,35.81572699652778
2531,87731094,首都高速６号三郷線,139.85139756944446,35.824539930555545
2532,87731354,首都高速６号三郷線,139.85553168402777,35.831853298611115
2533,87731675,首都高速６号三郷線,139.84698784722218,35.81572699652778
2534,87731780,首都高速６号三郷線,139.84309895833334,35.81122612847222
2535,87731789,首都高速６号三郷線,139.8430598958333,35.81118055555555
2536,87731806,首都高速６号三郷線,139.84235894097222,35.81048394097222
2537,87731815,首都高速６号三郷線,139.84190104166666,35.810086805555564
2538,87731848,首都高速６号三郷線,139.84050347222222,35.80911458333333
2539,87731865,首都高速６号三郷線,139.83980251736108,35.808621961805564
2540,87731946,首都高速６号三郷線,139.83539279513892,35.806017795138885
2541,87732139,首都高速６号三郷線,139.82740668402778,35.798155381944454
2542,87732204,首都高速６号三郷線,139.82764973958334,35.79489583333333
2543,87732397,首都高速６号三郷線,139.82646918402781,35.784505208333336
2544,87732534,首都高速６号三郷線,139.82450086805557,35.777044270833336
2545,87732575,首都高速６号三郷線,139.82400390625,35.775223524305545
2546,87732600,首都高速６号三郷線,139.82367621527777,35.77406467013889
2547,87738531,首都高速６号三郷線,139.82273003472218,35.771128472222216
2548,87738580,首都高速６号三郷線,139.82335720486108,35.773448350694444
2549,87738589,首都高速６号三郷線,139.82338758680555,35.773565538194454
2550,87738606,首都高速６号三郷線,139.82353949652781,35.77406467013889
2551,87738778,首都高速６号三郷線,139.82328776041666,35.777960069444454
2552,87738819,首都高速６号三郷線,139.82386067708333,35.77819878472222
2553,87738940,首都高速６号三郷線,139.823515625,35.77406467013889
2554,87754483,首都高速川口線,139.75297309027778,35.77432725694445
2555,87754516,首都高速川口線,139.75130208333334,35.77538845486111
2556,87754772,首都高速川口線,139.7556575520833,35.79040798611111
2557,87754936,首都高速川口線,139.76011284722222,35.79517361111111
2558,87754945,首都高速川口線,139.75988498263888,35.794893663194436
2559,87755109,首都高速川口線,139.7604557291667,35.795203993055566
2560,87755118,首都高速川口線,139.76011284722222,35.794893663194436
2561,87755199,首都高速川口線,139.75679470486108,35.79158203125
2562,87755323,首都高速川口線,139.75297309027778,35.7741796875
2563,87755388,首都高速川口線,139.74951822916665,35.776299913194435
2564,87755504,首都高速川口線,139.74951822916665,35.776299913194435
2565,87787980,首都高速６号三郷線,139.82518663194443,35.779118923611115
2566,87788045,首都高速６号三郷線,139.82592013888888,35.782332899305565
2567,87788185,首都高速６号三郷線,139.82450086805557,35.777044270833336
2568,87788242,首都高速６号三郷線,139.82318142361112,35.778509114583336
2569,87788259,首都高速６号三郷線,139.82390625,35.77812717013889
2570,87788284,首都高速６号三郷線,139.82361545138892,35.778858506944445
2571,87788301,首都高速６号三郷線,139.82318793402777,35.77827473958333
2572,87788409,首都高速６号三郷線,139.82528645833332,35.78071614583333
2573,87788573,首都高速６号三郷線,139.82581380208333,35.777725694444435
2574,87788590,首都高速６号三郷線,139.82556857638892,35.776885850694434
2575,87788623,首都高速６号三郷線,139.82511935763893,35.77763454861111
2576,87788640,首都高速６号三郷線,139.82572048611112,35.777354600694444
2577,87788796,首都高速６号三郷線,139.82568359375,35.777736545138886
2578,87788837,首都高速６号三郷線,139.82516493055556,35.77754340277778
2579,87789065,首都高速６号三郷線,139.82471354166665,35.777964409722216
2580,87789082,首都高速６号三郷線,139.82467664930556,35.77734809027777
2581,87789091,首都高速６号三郷線,139.82469184027778,35.77720269097223
2582,87789215,首都高速６号三郷線,139.82389105902777,35.77523871527778
2583,87789232,首都高速６号三郷線,139.82460720486108,35.776820746527775
2584,87810765,首都高速川口線,139.75884548611108,35.80857421875
2585,87810945,首都高速川口線,139.75964626736112,35.815546875
2586,87810954,首都高速川口線,139.7596853298611,35.81572482638889
2587,87811110,首都高速川口線,139.76009765625,35.81907986111111
2588,87811175,首都高速川口線,139.75980034722218,35.81572482638889
2589,87811192,首都高速川口線,139.75964626736112,35.81488064236111
2590,87811201,首都高速川口線,139.759609375,35.81466579861111
2591,87811349,首都高速川口線,139.75876953125,35.810785590277774
2592,87811390,首都高速川口線,139.75865668402778,35.80885416666667
2593,87836692,首都高速６号三郷線,139.82748263888888,35.79909505208333
2594,87836872,首都高速６号三郷線,139.83539279513892,35.806017795138885
2595,87837036,首都高速６号三郷線,139.84267795138888,35.80953125
2596,87837053,首都高速６号三郷線,139.84289279513888,35.81004123263889
2597,87837070,首都高速６号三郷線,139.84343315972222,35.80986328125
2598,87837127,首都高速６号三郷線,139.84050347222222,35.80905815972222
2599,87837243,首都高速６号三郷線,139.83223524305555,35.804440104166666
2600,87837300,首都高速６号三郷線,139.83503472222222,35.80603298611111
2601,87837440,首都高速６号三郷線,139.82740668402778,35.798155381944454
2602,87837473,首都高速６号三郷線,139.82785590277777,35.799578993055555
2603,87837490,首都高速６号三郷線,139.82807725694445,35.80002604166667
2604,87852618,首都高速６号三郷線,139.84190104166666,35.810086805555564
2605,87852659,首都高速６号三郷線,139.84330512152778,35.80982638888889
2606,87852676,首都高速６号三郷線,139.84267795138888,35.80953125
2607,87852693,首都高速６号三郷線,139.8425716145833,35.80989800347222
2608,87852801,首都高速６号三郷線,139.84309895833334,35.81122612847222
2609,87852965,首都高速６号三郷線,139.8429079861111,35.81115451388889
2610,87857955,首都高速川口線,139.75661892361111,35.83204861111111
2611,87858135,首都高速川口線,139.7556640625,35.83612847222222
2612,87858224,首都高速川口線,139.75689236111108,35.831612413194435
2613,87858356,首都高速川口線,139.76006727430556,35.82056640625
2614,87858528,首都高速川口線,139.75974609375,35.820162760416665
2615,87858617,首都高速川口線,139.75940972222222,35.825060763888885
2616,87959296,首都高速６号三郷線,139.85864366319444,35.837411024305545
2617,87959337,首都高速６号三郷線,139.86060546875,35.836558159722216
2618,87959346,首都高速６号三郷線,139.86060546875,35.836558159722216
2619,87959363,首都高速６号三郷線,139.86049913194444,35.835865885416666
2620,87959396,首都高速６号三郷線,139.85903428819444,35.835286458333336
2621,87959544,首都高速６号三郷線,139.8601171875,35.83491536458333
2622,87959601,首都高速６号三郷線,139.8570724826389,35.833658854166664
2623,87959642,首都高速６号三郷線,139.85553168402777,35.831853298611115
2624,87959739,首都高速６号三郷線,139.85911024305554,35.835896267361115
2625,87959756,首都高速６号三郷線,139.85986545138888,35.836558159722216
2626,87959773,首都高速６号三郷線,139.8605447048611,35.837133246527785
2681,88599942,首都高速川口線,139.736171875,35.85300130208333
2682,88600007,首都高速川口線,139.73449435763888,35.85009331597223
2683,88600040,首都高速川口線,139.73545572916666,35.84867838541667
2684,88600121,首都高速川口線,139.73397569444444,35.85282769097222
2685,88600130,首都高速川口線,139.73397569444444,35.85304253472222
2686,88600294,首都高速川口線,139.73449435763888,35.85009331597223
2687,88600391,首都高速川口線,139.73251085069444,35.85350477430556
2688,88600515,首都高速川口線,139.74097005208333,35.84671657986111
2689,88600556,首都高速川口線,139.73846137152782,35.847391493055554
2690,88600680,首都高速川口線,139.74228949652777,35.846293402777775
2691,88600745,首都高速川口線,139.73831597222218,35.847178819444444
2692,88600869,首都高速川口線,139.7416796875,35.84654296875
2693,88600910,首都高速川口線,139.7433658854167,35.84753472222222
2694,88600927,首都高速川口線,139.74373914930555,35.847254774305554
2695,88600961,首都高速川口線,139.74320529513892,35.847274305555565
2696,88600978,首都高速川口線,139.74298394097218,35.84750434027778
2697,88601126,首都高速川口線,139.74320529513892,35.847274305555565
2698,88601143,首都高速川口線,139.74365668402777,35.84709201388889
2710,112661852,首都高速中央環状線,139.68682942708332,35.65102213541667
2711,112666679,首都高速中央環状線,139.68795789930556,35.650390625
2712,112802681,首都高速中央環状線,139.75554470486108,35.60324869791667
2713,112802821,首都高速中央環状線,139.71193793402782,35.62857421875
2714,112802838,首都高速中央環状線,139.71244791666666,35.62824435763889
2715,112802887,首都高速中央環状線,139.71499565972223,35.626881510416666
2716,112802904,首都高速中央環状線,139.71552300347219,35.62661675347222
2717,112802921,首都高速中央環状線,139.71610243055557,35.62630642361111
2718,112803053,首都高速中央環状線,139.70977864583332,35.63051649305555
2719,112803102,首都高速中央環状線,139.71176215277777,35.62857421875
2720,112803119,首都高速中央環状線,139.71238715277778,35.62824435763889
2721,112803235,首都高速中央環状線,139.68991102430556,35.6546484375
2722,112803356,首都高速中央環状線,139.6920334201389,35.649073350694444
2723,112803365,首都高速中央環状線,139.6920703125,35.649049479166656
2724,112803790,首都高速中央環状線,139.70977864583332,35.63051649305555
2725,112803847,首都高速中央環状線,139.71218098958335,35.62824435763889
2726,112803904,首都高速中央環状線,139.71552300347219,35.62651909722222
2727,112804433,首都高速中央環状線,139.74677083333333,35.617376302083336
2728,112804642,首都高速中央環状線,139.75301866319444,35.611202256944445
2729,112804782,首都高速中央環状線,139.68978298611108,35.65444878472222
2730,112804895,首都高速中央環状線,139.69200954861108,35.649073350694444
2731,112804904,首都高速中央環状線,139.69206380208334,35.64903862847222
2732,112805377,首都高速中央環状線,139.71193793402782,35.62857421875
2733,112805394,首都高速中央環状線,139.71258463541668,35.62824435763889
2734,112805451,首都高速中央環状線,139.71552300347219,35.62669270833333
2735,112805980,首都高速中央環状線,139.74677083333333,35.617508680555545
2736,112806237,首都高速中央環状線,139.7527365451389,35.60859375
2737,112806262,首都高速中央環状線,139.75254557291666,35.607413194444455
2738,112806279,首都高速中央環状線,139.75291232638892,35.60664496527778
2739,112806395,首都高速中央環状線,139.68682942708332,35.65102213541667
2740,112806508,首都高速中央環状線,139.69200303819446,35.649073350694444
2741,112806616,首都高速３号渋谷線,139.68695095486112,35.65073784722223
2742,112806729,首都高速３号渋谷線,139.69197916666667,35.649073350694444
2746,112806976,首都高速中央環状線,139.7528125,35.60905598958333
2747,112807009,首都高速中央環状線,139.75272135416665,35.607413194444455
2750,112807295,首都高速中央環状線,139.75552734375,35.609937065972225
2751,112807344,首都高速中央環状線,139.75556640625,35.607413194444455
2752,114098272,首都高速中央環状線,139.74240017361112,35.755269097222225
2753,114098313,首都高速中央環状線,139.74140842013892,35.753231336805555
2754,114098437,首都高速中央環状線,139.74240017361112,35.755269097222225
2755,114098446,首都高速中央環状線,139.74262152777777,35.755245225694445
2756,114098455,首都高速中央環状線,139.74259982638893,35.755106336805554
2757,114098472,首都高速中央環状線,139.74243923611112,35.754609375
2758,114098505,首都高速中央環状線,139.74174479166666,35.753231336805555
2759,114729657,首都高速都心環状線,139.77131727430555,35.67085286458333
2760,115496973,首都高速４号新宿線,139.72015190972223,35.67916232638889
2762,116209364,首都高速都心環状線,139.76777777777778,35.666805555555555
2829,117489906,首都高速１０号晴海線,139.79339626736112,35.642821180555565
2830,117489955,首都高速１０号晴海線,139.79177083333335,35.644793836805555
2831,117490052,首都高速１０号晴海線,139.78810980902782,35.64907769097222
2832,117490288,首都高速１０号晴海線,139.79274739583335,35.64338541666667
2833,117490417,首都高速１０号晴海線,139.78799479166668,35.64907769097222
2834,117490530,首都高速１０号晴海線,139.78332465277776,35.65366970486111
2836,117632419,首都高速１号羽田線,139.7431857638889,35.58468532986111
2837,118415091,首都高速５号池袋線,139.67924262152778,35.77607421875
2838,118415100,首都高速５号池袋線,139.67959201388888,35.77590060763889
2839,118770411,首都高速中央環状線,139.7551779513889,35.6011328125
2840,118770567,首都高速中央環状線,139.75508680555555,35.60025390625
